Ticker,Strategy_Score,Lookback_Return_Ann,Lookback_ATRP
A,0.44102269,2.53048120,0.02276888
AA,0.11005725,1.08357368,0.03906963
AAL,0.21539307,1.89489245,0.03491020
AAPL,-0.29456135,-1.43760630,0.01936706
ABBV,-0.18171387,-0.87989736,0.01921513
ABNB,0.10394163,0.73929492,0.02822459
ABT,0.04027293,0.15679618,0.01544976
ACGL,0.23737914,1.14335886,0.01911347
ACM,0.13180822,0.63412883,0.01909125
ACN,0.07032305,0.39112456,0.02207074
ACWI,0.17747112,0.50618155,0.01131822
ADBE,-0.08102530,-0.59996066,0.02938337
ADI,0.14412812,0.95652706,0.02633589
ADM,0.09603265,0.55075478,0.02275825
ADP,0.15109027,0.57511733,0.01510495
ADSK,-0.02376793,-0.13306189,0.02221579
AEE,0.34424343,1.45647243,0.01678943
AEM,0.14363644,0.95101224,0.02627368
AEP,0.33614398,1.43296047,0.01691641
AER,-0.03272344,-0.16300855,0.01976746
AES,-0.26611979,-2.43276528,0.03627626
AFL,0.22940644,1.01735603,0.01759814
AFRM,-0.10307829,-1.68893865,0.06501987
AGCO,0.36108509,2.79014228,0.03066311
AGG,0.00392980,0.00420170,0.00424281
AGNC,0.20870043,0.89936846,0.01710070
AIG,0.15280075,0.73847822,0.01917837
AJG,0.33421708,1.69240433,0.02009440
AKAM,-0.19128710,-1.15360391,0.02393153
ALAB,-0.00660175,-0.10044041,0.06037381
ALB,0.33010887,3.48530173,0.04189697
ALC,0.07266364,0.28129293,0.01536177
ALGN,0.21364181,1.89187354,0.03514029
ALL,-0.05586129,-0.32606627,0.02316298
ALLE,0.20646066,0.97959599,0.01882822
ALLY,0.12087369,0.87722942,0.02879923
ALNY,0.18335830,1.51212867,0.03272560
AMAT,0.56452683,4.10072306,0.02882540
AMCR,0.19329591,0.93528392,0.01920084
AMD,0.03025036,0.28952383,0.03797985
AME,0.08403452,0.34315336,0.01620429
AMGN,0.23342273,1.23785876,0.02104396
AMH,-0.20659442,-1.05730219,0.02030860
AMP,0.22722072,1.07115081,0.01870691
AMT,0.22488451,1.33477073,0.02355302
AMZN,0.11529775,0.68053763,0.02342237
AN,0.44993152,2.65443469,0.02341128
ANET,0.22494273,1.82987581,0.03228116
AON,0.20223158,0.80198454,0.01573680
AOS,0.33304048,1.65469495,0.01971607
APA,0.13964623,1.11333752,0.03163713
APD,0.61802036,2.93183621,0.01882506
APH,0.03203605,0.18583462,0.02301903
APO,0.03194575,0.24398898,0.03030796
APP,0.01045580,0.17110487,0.06493887
APTV,0.05457388,0.38089733,0.02769635
AR,0.40762390,3.30438629,0.03216849
ARCC,0.36929349,1.08580554,0.01166756
ARE,0.18924458,1.11681366,0.02341837
ARES,0.26433069,1.75653740,0.02636995
ARGX,0.15011200,0.85254395,0.02253725
ARKK,0.13978881,1.26603302,0.03593950
ARM,0.33192008,4.04480765,0.04835750
ARMK,0.26687810,1.46796385,0.02182739
ASML,0.29555640,2.03801562,0.02736318
ASTS,-0.03661552,-0.75319298,0.08162826
ASX,0.18555153,1.29054049,0.02759984
ATI,0.15288864,0.98576532,0.02558573
ATO,0.30830350,1.28579477,0.01654980
AVB,0.03013097,0.14688508,0.01934479
AVGO,0.05713711,0.62843386,0.04364563
AVTR,0.17393102,1.10303492,0.02516585
AVY,0.23103768,1.09097116,0.01873829
AWK,0.12136780,0.56618576,0.01851207
AXON,-0.00555300,-0.05346371,0.03820595
AXP,0.24775175,1.26541808,0.02026827
AZN,0.06985580,0.28588387,0.01624002
AZO,-0.03462465,-0.15767452,0.01807072
B,0.01078201,0.07030408,0.02587499
BA,-0.01253332,-0.09895230,0.03132993
BABA,0.01486521,0.08912883,0.02379287
BAC,0.25675413,1.27212980,0.01966136
BAH,0.20393175,1.53938626,0.02995451
BALL,-0.00825531,-0.04594798,0.02208678
BAX,0.23552113,1.46762993,0.02472784
BBJP,-0.11176575,-0.32017721,0.01136792
BBY,-0.18041101,-1.25679689,0.02764404
BCE,-0.01418230,-0.08442714,0.02362300
BCS,0.40062866,2.19854428,0.02177673
BDX,0.25663050,1.19465072,0.01847277
BEKE,-0.09974193,-1.05028223,0.04178570
BEN,-0.09713268,-0.70066484,0.02862493
BF-B,-0.22709967,-1.96552406,0.03434483
BG,0.10876559,0.66987711,0.02444011
BHP,0.11355863,0.45579903,0.01592769
BIDU,0.01752383,0.12714464,0.02879178
BIIB,-0.25337678,-1.59802036,0.02502736
BIL,0.78466104,0.04954874,0.00025058
BILI,0.04582534,0.57968427,0.05019787
BIV,-0.01658508,-0.01824745,0.00436600
BJ,0.29755073,1.94515483,0.02594135
BK,0.41889255,1.94146724,0.01839191
BKLN,0.25214643,0.09561633,0.00150480
BKNG,0.00635552,0.03210913,0.02004828
BKR,0.51012839,2.88489565,0.02244141
BLD,0.33986055,2.82468882,0.03298142
BLDR,0.43636013,3.76123866,0.03420466
BLK,-0.04482841,-0.24498272,0.02168611
BMRN,-0.29589872,-1.90178984,0.02550462
BMY,0.01220860,0.06203688,0.02016432
BN,0.05379835,0.34217905,0.02523969
BND,0.00456528,0.00490404,0.00426271
BNDX,-0.12776432,-0.09667502,0.00300265
BNS,-0.28027916,-0.96624964,0.01368037
BP,0.31549995,1.46708274,0.01845248
BR,0.09904689,0.42338763,0.01696277
BRK-B,0.26774301,0.93982284,0.01392924
BRKR,-0.07979974,-0.73460522,0.03653019
BRO,0.28580353,1.23829207,0.01719313
BROS,0.15200155,1.55419637,0.04057489
BSV,0.03894710,0.01988394,0.00202594
BSX,0.56469773,2.52377447,0.01773511
BTI,-0.04630205,-0.15096009,0.01293783
BUD,-0.20967663,-0.93421294,0.01768053
BURL,0.06025781,0.43695079,0.02877522
BWA,0.11949205,0.79244504,0.02631659
BX,0.13654279,0.95557823,0.02777135
BXP,-0.01659174,-0.12119866,0.02898713
C,0.66153579,3.46577649,0.02078963
CAG,-0.32930785,-1.71510422,0.02066750
CAH,0.37003897,1.72297625,0.01847699
CARR,0.09021576,0.50845158,0.02236488
CART,0.21622663,1.96239763,0.03601449
CASY,-0.03448137,-0.18858555,0.02170318
CAT,0.34008209,1.81413574,0.02116828
CB,-0.05562221,-0.24919254,0.01777814
CBOE,-0.03834279,-0.20340763,0.02105150
CBRE,0.21050485,1.41222606,0.02662206
CCEP,0.04375959,0.19085066,0.01730692
CCI,0.10521794,0.55749181,0.02102559
CCJ,-0.01471545,-0.14650129,0.03950639
CCK,0.26302073,1.35470445,0.02043874
CCL,0.09915446,0.87461711,0.03500299
CDNS,0.10373433,0.69826052,0.02671126
CDW,0.43882626,2.66430181,0.02409297
CEG,0.63997510,7.62367796,0.04727167
CELH,0.01110519,0.16189945,0.05785204
CF,0.56916246,3.18499272,0.02220607
CFG,0.34673928,2.23545358,0.02558362
CFLT,-0.12457274,-1.33519459,0.04253251
CG,0.29530676,2.21567600,0.02977367
CHD,0.14859917,0.66716462,0.01781624
CHKP,0.08017428,0.45747022,0.02264265
CHRW,0.03607917,0.20997612,0.02309473
CHTR,0.02716495,0.19552682,0.02856255
CHWY,0.23158365,2.33003305,0.03992580
CI,0.13161225,0.87045235,0.02624509
CIEN,0.05682738,0.48692358,0.03400185
CINF,-0.05349188,-0.28361477,0.02103974
CL,-0.12850532,-0.50761993,0.01567534
CLF,0.15222923,1.95538429,0.05097222
CLS,0.46320831,5.06280545,0.04337249
CLX,-0.05223388,-0.21720645,0.01650136
CMA,0.27382226,1.89076489,0.02740112
CMCSA,-0.06716858,-0.35118654,0.02074776
CME,0.00540413,0.02064298,0.01515814
CMG,-0.18019765,-0.99425956,0.02189526
CMI,0.29813717,1.33709802,0.01779699
CMS,0.15145423,0.59971269,0.01571308
CNC,0.10719713,0.74246910,0.02748493
CNH,0.37468760,2.58523194,0.02737976
CNI,-0.01614121,-0.06729080,0.01654318
CNM,0.24405717,1.88163992,0.03059457
CNP,0.16835175,0.86271836,0.02033531
CNQ,-0.02609087,-0.15911141,0.02419982
COF,0.29728058,1.72282574,0.02299716
COHR,-0.03184649,-0.42036792,0.05238024
COIN,0.20970753,3.79076042,0.07173181
COO,0.13246415,0.74180121,0.02222228
COP,0.27981673,1.42636217,0.02022812
COR,0.44427595,1.89250033,0.01690373
COST,0.19648310,0.92299648,0.01864122
COWZ,0.24958319,0.81144527,0.01290159
CP,0.08733192,0.41131805,0.01868978
CPAY,0.43278618,2.22369942,0.02038929
CPB,-0.34732134,-1.85085762,0.02114662
CPNG,-0.02911432,-0.21291788,0.02902051
CPRT,0.05664650,0.26926866,0.01886306
CPT,-0.07828022,-0.42119970,0.02135185
CRBG,0.21864817,1.34033671,0.02432582
CRH,0.30055433,1.35971057,0.01795242
CRL,-0.32054235,-2.68211652,0.03320410
CRM,-0.06608686,-0.44799873,0.02690055
CRWD,0.08074252,0.75846547,0.03727632
CSCO,0.17768582,0.65302261,0.01458394
CSGP,0.14898130,1.10389972,0.02940339
CSL,0.35839928,2.23338595,0.02472841
CSX,0.10185093,0.45303324,0.01765081
CTAS,0.37074291,2.17711409,0.02330278
CTRA,0.52439820,3.06300359,0.02317852
CTSH,0.09246880,0.46553859,0.01997836
CTVA,0.45719209,2.58350080,0.02242381
CVE,-0.05784864,-0.39185922,0.02688044
CVNA,0.26129934,4.08708598,0.06206902
CVS,0.52150337,4.48930094,0.03416025
CVX,0.54487478,2.43209263,0.01771262
CYBR,0.16697804,1.23708055,0.02939937
CYTK,-0.17417960,-1.64680629,0.03751843
D,0.09480000,0.42703517,0.01787536
DAL,0.34840548,2.84910408,0.03245060
DASH,0.09204283,0.59815156,0.02578818
DAY,-0.08890503,-0.60692104,0.02708977
DBX,0.15532265,0.87685397,0.02240227
DD,0.15024795,0.69458786,0.01834502
DDOG,-0.11144461,-0.89883170,0.03200507
DE,0.41027294,2.21434460,0.02141765
DECK,0.09868726,0.67257639,0.02704456
DELL,-0.15396518,-1.45151099,0.03741082
DEO,-0.27437805,-1.42172715,0.02056205
DG,-0.27415339,-2.28018488,0.03300471
DGRO,0.22963436,0.60583278,0.01046924
DGX,0.04043981,0.17510891,0.01718298
DHI,0.26843987,1.80583126,0.02669498
DHR,0.19090777,0.94401550,0.01962253
DIA,0.22498006,0.66038633,0.01164806
DINO,0.11911206,0.88344411,0.02943221
DIS,-0.18905588,-0.87120908,0.01828654
DKNG,0.21231695,2.05745661,0.03845435
DKS,0.01933636,0.15679610,0.03217807
DLR,0.04597258,0.25113884,0.02167776
DLTR,-0.14258275,-1.40531758,0.03911172
DOC,0.14494969,0.79952916,0.02188852
DOCU,-0.01957116,-0.18537601,0.03758689
DOV,0.29349372,1.26814673,0.01714629
DOW,0.16793983,0.95294741,0.02251722
DPZ,-0.06263182,-0.39401305,0.02496405
DRI,-0.07229966,-0.44704318,0.02453650
DT,-0.22657412,-1.42215002,0.02490775
DTE,0.13183762,0.54923333,0.01653168
DUK,0.09113047,0.35338871,0.01538822
DUOL,0.18486565,2.01407388,0.04323333
DVA,0.44423688,2.65156245,0.02368573
DVN,0.47799177,3.26402586,0.02709771
DXCM,0.23030099,1.89892116,0.03271980
DXJ,-0.19381815,-0.58709777,0.01202030
EA,-0.14546245,-0.67345339,0.01837199
EBAY,0.23614419,1.70446432,0.02864245
ECL,0.16565039,0.71363429,0.01709553
ED,0.31939649,1.29085727,0.01603790
EDU,-0.02818706,-0.23887360,0.03362930
EEM,0.07762533,0.20930907,0.01070001
EFA,0.19218087,0.48098879,0.00993172
EFV,0.19183891,0.48000325,0.00992903
EFX,0.18999425,1.19447477,0.02494801
EG,-0.00857316,-0.04332422,0.02005346
EIX,-0.62969580,-5.44054001,0.03428551
EL,0.15932370,1.33941592,0.03336065
ELS,-0.00750876,-0.03820239,0.02018933
ELV,0.22327061,1.33941051,0.02380574
EMB,0.10748386,0.14584851,0.00538466
EME,0.38391371,2.63997065,0.02728757
EMN,0.23144248,1.32436402,0.02270721
EMR,0.09258134,0.49899723,0.02138819
EMXC,0.10963976,0.29508110,0.01068004
ENB,0.25511216,0.89288054,0.01388870
ENTG,0.24772607,2.31429177,0.03707199
EOG,0.50545462,2.49087942,0.01955555
EPAM,-0.00051850,-0.00343949,0.02632371
EPD,0.34195846,1.42178052,0.01649904
EQH,0.34841807,2.08730374,0.02377302
EQIX,-0.13691977,-0.72116569,0.02090106
EQNR,0.06888287,0.40126245,0.02311621
EQR,-0.01304776,-0.06920345,0.02104705
EQT,0.41714004,2.86336355,0.02723918
ERIC,0.33377940,1.47734486,0.01756393
ES,0.05158766,0.25369812,0.01951510
ESGU,0.19156501,0.59723528,0.01237168
ESS,0.07096071,0.39660426,0.02217884
ESTC,0.04241887,0.35567344,0.03327299
ET,0.14157419,0.74538463,0.02089276
ETN,0.19488859,1.08613875,0.02211558
ETR,0.43672071,2.13975738,0.01944286
EVR,0.08549506,0.63437167,0.02944437
EVRG,0.17502543,0.63273841,0.01434572
EW,-0.16221751,-0.97370994,0.02381943
EWJ,-0.10407308,-0.30004311,0.01144049
EWT,0.08908249,0.37266375,0.01660062
EWY,0.40192022,1.80106318,0.01778233
EWZ,0.17282844,0.94732363,0.02175117
EXAS,-0.20869654,-2.26353839,0.04303998
EXC,0.27229090,1.18104211,0.01721202
EXE,0.22346926,1.27057959,0.02256231
EXP,0.19416618,1.31553849,0.02688620
EXPD,0.02065353,0.09769565,0.01877070
EXPE,0.04595178,0.27754984,0.02396835
EXR,0.08658694,0.48983653,0.02244906
EZU,0.39892156,1.17974917,0.01173550
F,0.20978111,1.36802933,0.02587787
FANG,0.31823322,1.97149845,0.02458388
FAST,0.36803795,1.71940373,0.01853893
FBTC,0.18441306,2.00136575,0.04306597
FCNCA,0.16461426,1.04142915,0.02510509
FCX,0.22786086,1.63187798,0.02841956
FDS,-0.13748729,-0.71386764,0.02060415
FDX,0.01435301,0.08355018,0.02309956
FE,0.00260870,0.00929999,0.01414676
FERG,0.09909423,0.61883878,0.02478156
FFIV,0.26392872,1.21033907,0.01819784
FHN,0.30408744,1.92901725,0.02517312
FICO,-0.17281191,-1.16401765,0.02672916
FIS,-0.08616854,-0.39645162,0.01825748
FISV,0.07472762,0.33474190,0.01777577
FITB,0.23742180,1.31213470,0.02193094
FIVE,-0.15929362,-2.11570723,0.05270559
FIX,0.50065687,4.21172611,0.03338254
FLEX,0.34467674,2.60286727,0.02996674
FLR,0.07952772,0.61171547,0.03052322
FLUT,0.13410466,0.84416113,0.02497934
FMX,-0.08674304,-0.53931596,0.02467221
FN,0.22568247,2.42515794,0.04264240
FND,0.06602953,0.60716680,0.03648961
FNV,0.17315067,0.98713024,0.02262298
FOXA,-0.10535400,-0.50561164,0.01904432
FSLR,0.08663176,0.91025701,0.04169523
FTAI,-0.30001798,-5.16473913,0.06831256
FTI,0.35864398,2.49827886,0.02764247
FTNT,-0.01629779,-0.11449206,0.02787700
FTV,0.34436084,1.49718589,0.01725287
FUTU,0.21024479,2.58141175,0.04872272
FWONK,-0.03805374,-0.23115074,0.02410446
FXI,0.09969386,0.46655526,0.01857095
GAP,0.00661946,0.06074919,0.03641813
GBTC,0.18067705,1.95987607,0.04304523
GD,0.15106728,0.68769664,0.01806450
GDDY,0.04713592,0.27178496,0.02288089
GDX,0.16439443,1.01245358,0.02443923
GDXJ,0.09915537,0.69415821,0.02778060
GE,0.37747321,2.07221602,0.02178454
GEHC,0.37310065,2.01896655,0.02147349
GEN,0.00927072,0.04756292,0.02035892
GEV,0.44561440,4.35119458,0.03874795
GILD,-0.00005722,-0.00027983,0.01940746
GIS,-0.26201081,-1.31148027,0.01986287
GL,0.23466329,1.39781105,0.02363757
GLD,0.16004827,0.39821351,0.00987335
GLDM,0.15971182,0.41011169,0.01018977
GLW,0.34294055,1.66447196,0.01926004
GM,-0.01941541,-0.14860074,0.03037203
GME,-0.15843560,-2.53092610,0.06339079
GNRC,0.09720474,0.68131257,0.02781368
GOOG,0.14893236,0.92925233,0.02475962
GOOGL,0.14173588,0.89083184,0.02494109
GOVT,-0.00681557,-0.01003720,0.00584399
GPC,0.10113734,0.53538865,0.02100666
GPN,-0.13482804,-0.75563343,0.02223977
GRAB,-0.12134218,-1.25623989,0.04108282
GRMN,0.29420869,1.34897599,0.01819484
GS,0.39624724,2.21191048,0.02215138
GSK,-0.08300670,-0.36009129,0.01721468
GTLB,0.25343732,2.98409014,0.04672409
GTLS,0.32705905,3.15143784,0.03823684
GWRE,0.21990584,1.33852327,0.02415398
GWW,0.36607235,1.69880733,0.01841521
H,-0.00686653,-0.04250216,0.02456251
HAL,0.27902975,1.93737026,0.02755254
HAS,0.06902392,0.41796188,0.02402904
HBAN,0.20733565,1.19890732,0.02294622
HCA,0.18068053,1.08735901,0.02388147
HD,0.28882811,1.34149907,0.01843106
HDB,-0.57185118,-2.30257925,0.01597832
HEI,0.00536697,0.03428087,0.02534674
HIG,0.14242262,0.68169710,0.01899380
HII,0.30839200,1.94741852,0.02505853
HIMS,0.12342177,2.69178516,0.08654622
HLT,0.03712593,0.16282406,0.01740367
HOLX,-0.12535286,-0.69045042,0.02185736
HON,-0.06467681,-0.32020592,0.01964628
HOOD,0.36163279,5.27114016,0.05784106
HPE,0.24665807,1.95200229,0.03140396
HPQ,0.00795978,0.05071504,0.02528336
HRL,-0.20771970,-1.03843000,0.01983805
HSIC,0.25284114,1.69544420,0.02660941
HST,-0.03141113,-0.19536174,0.02468059
HSY,-0.33120415,-2.46795276,0.02956927
HUBB,0.17284098,1.06096649,0.02435872
HUBS,0.03783645,0.26455507,0.02774631
HUM,0.32926600,2.91749319,0.03516110
HWM,0.52412482,3.15772226,0.02390775
HYG,0.20427952,0.19897162,0.00386514
IAU,0.16327957,0.40464113,0.00983417
IBB,-0.00816471,-0.03571271,0.01735728
IBIT,0.17998092,1.98978929,0.04387126
IBKR,0.15963043,1.06256714,0.02641436
IBM,0.11414564,0.56094423,0.01950113
IBN,-0.38406931,-1.40463065,0.01451283
ICE,-0.00355264,-0.01400415,0.01564247
ICLR,-0.19779087,-1.66732063,0.03345125
IDXX,0.10265058,0.67864512,0.02623498
IEF,-0.00877530,-0.01109194,0.00501586
IEFA,0.17730959,0.44534672,0.00996702
IEI,0.00734180,0.00530587,0.00286783
IEMG,0.05015879,0.13140502,0.01039596
IEX,0.25101642,1.24856647,0.01973827
IFF,0.11813008,0.55098365,0.01850877
IGIB,-0.01122895,-0.01262826,0.00446276
IGSB,0.05691200,0.03438987,0.00239787
IGV,0.02371106,0.12687041,0.02123288
IJH,0.27725958,1.02394772,0.01465516
IJR,0.14816345,0.66730253,0.01787233
ILMN,0.13051749,1.18649052,0.03607406
INCY,0.12641480,0.89874237,0.02821219
INDA,-0.45774608,-1.05872525,0.00917821
INFY,-0.32301337,-1.59209897,0.01955911
INSM,0.10442184,1.00137706,0.03805448
INTC,0.17858419,1.68257730,0.03738794
INTU,-0.11497497,-0.70091069,0.02419128
INVH,-0.01220760,-0.06080688,0.01976615
IOT,0.16484005,1.69107755,0.04070992
IP,0.35493349,1.74902720,0.01955460
IPG,-0.04027077,-0.24600063,0.02424074
IQV,0.04779594,0.31147589,0.02586026
IR,0.07222315,0.40722792,0.02237487
IREN,0.14893134,3.78321163,0.10080313
IRM,0.16122461,1.11024860,0.02732677
ISRG,0.57259899,3.19625814,0.02215087
IT,0.36752568,1.64892825,0.01780383
ITOT,0.19014964,0.61207163,0.01277339
ITUB,0.27274145,1.88359998,0.02740545
ITW,0.15766070,0.64415022,0.01621299
IUSB,0.00103932,0.00131185,0.00500882
IVE,0.20237364,0.54932750,0.01077152
IVV,0.17721334,0.55576957,0.01244508
IVW,0.14394179,0.59087345,0.01628947
IWB,0.19668104,0.61936634,0.01249639
IWD,0.32320723,0.90884963,0.01115862
IWF,0.09934251,0.41701258,0.01665764
IWM,0.10476183,0.50432893,0.01910338
IWN,0.10192194,0.47823024,0.01861953
IWO,0.10286861,0.52537190,0.02026672
IWP,0.22869862,0.95302630,0.01653639
IWR,0.28108657,0.93557716,0.01320806
IXUS,0.13352990,0.32287259,0.00959516
IYR,0.11056626,0.44744389,0.01605889
IYW,0.06398927,0.30337112,0.01881337
J,0.25611110,1.17749296,0.01824439
JAAA,0.39314030,0.08428697,0.00085077
JBHT,0.05130947,0.29193785,0.02257836
JBL,0.54987052,3.35820107,0.02423515
JCI,0.13342986,0.70414462,0.02094152
JD,0.42065767,3.47601291,0.03279080
JEPI,0.19257895,0.44460831,0.00916153
JEPQ,0.15396041,0.45547434,0.01173963
JKHY,0.00917994,0.04040422,0.01746571
JNJ,0.13841562,0.54355505,0.01558324
JNK,0.19153413,0.18522908,0.00383762
JPM,0.45366705,2.08783247,0.01826240
JPST,0.36304035,0.04999232,0.00054645
K,0.23813878,0.22348273,0.00372403
KDP,0.01937795,0.09344929,0.01913673
KEY,0.29691404,1.94191368,0.02595366
KEYS,0.13749572,0.76645903,0.02212072
KGC,0.13890308,1.18524847,0.03386078
KHC,-0.24854206,-1.23065524,0.01964880
KIM,-0.13958312,-0.72611982,0.02064310
KKR,0.20360333,1.47086446,0.02866733
KLAC,0.60957558,4.45991278,0.02903342
KMB,-0.16529788,-0.64766953,0.01554840
KMI,0.39508359,1.92184197,0.01930315
KNSL,-0.11211391,-0.93822276,0.03320824
KNX,0.15446044,1.05141796,0.02701205
KO,0.09665830,0.36227912,0.01487317
KR,-0.26739823,-1.48237641,0.02199882
KRE,0.22467221,1.43613785,0.02536566
KVUE,-0.04030677,-0.20666630,0.02034657
KWEB,0.10608939,0.61482751,0.02299751
LAD,0.04317106,0.28945602,0.02660660
LDOS,0.32163774,2.03557334,0.02511419
LEN,0.18581313,1.34954140,0.02882102
LH,0.23926958,1.13140746,0.01876424
LHX,0.26639070,1.31051298,0.01952188
LI,-0.14377179,-1.45776073,0.04023574
LII,0.26743521,1.75717812,0.02607334
LIN,0.33259173,1.30762806,0.01560171
LITE,0.22769360,2.58485580,0.04504898
LKQ,0.26326111,1.51253307,0.02279910
LLY,-0.24227219,-1.65716602,0.02714325
LMT,0.10259494,0.44782016,0.01732117
LNG,0.69695692,3.49310989,0.01988867
LNT,0.20883721,0.89410488,0.01698948
LOW,0.30524741,1.40948779,0.01832352
LPLA,0.28119894,1.58174597,0.02232146
LQD,-0.00916448,-0.01369665,0.00593070
LRCX,0.30970793,2.66967298,0.03420623
LSCC,0.10457192,1.09585696,0.04158515
LULU,0.01851115,0.14808303,0.03174470
LUV,-0.14899273,-0.95464285,0.02542584
LVS,-0.38819228,-2.88258075,0.02946687
LW,-0.19534459,-2.34638092,0.04766467
LYB,0.29714549,1.54335352,0.02061084
LYFT,-0.02704881,-0.33206613,0.04871647
LYV,0.24667643,1.22710684,0.01974032
MA,0.04182420,0.16846615,0.01598396
MAA,-0.00894358,-0.04565680,0.02025785
MANH,0.06339636,0.45192836,0.02828816
MAR,0.05565912,0.25930310,0.01848719
MAS,0.43887790,2.24574183,0.02030559
MASI,0.08169886,0.59905423,0.02909709
MBB,-0.00032053,-0.00044127,0.00546308
MBLY,-0.24422331,-5.01784811,0.08153233
MCD,-0.24484011,-1.00676550,0.01631718
MCHI,0.02966033,0.13189969,0.01764685
MCHP,0.05807105,0.51585871,0.03525093
MCK,0.24201138,1.16860728,0.01916162
MCO,0.04277283,0.20549585,0.01906490
MDB,0.07197111,0.89975331,0.04960948
MDGL,-0.10986661,-1.30619787,0.04717834
MDLZ,-0.13957885,-0.66695089,0.01896154
MDT,0.57112279,2.41292344,0.01676538
MDY,0.27363990,1.00307091,0.01454627
MEDP,0.03465720,0.25796709,0.02953726
MELI,0.13415934,1.05685460,0.03126035
MET,0.29327831,1.52642885,0.02065362
META,0.08955888,0.62122858,0.02752594
MGK,0.08070491,0.34411914,0.01692031
MGM,-0.07845700,-0.58367895,0.02952173
MHK,0.40007270,2.79335771,0.02770685
MINT,0.70751859,0.06522896,0.00036585
MKC,-0.17371853,-0.82916557,0.01894064
MKSI,0.36783738,3.22955021,0.03484060
MKTX,-0.08722379,-0.52579618,0.02392114
MLM,0.29172010,1.56056875,0.02122834
MMC,0.12027378,0.47133031,0.01555084
MMM,0.45615862,2.14176182,0.01863180
MNDY,0.10153727,1.31092295,0.05123316
MNST,-0.27473437,-1.40860961,0.02034591
MO,-0.07750631,-0.29922399,0.01532000
MOAT,0.17427975,0.53693513,0.01222572
MOD,0.28936994,3.47135695,0.04760421
MOH,-0.00424802,-0.03248001,0.03034091
MOS,0.35016023,2.80700335,0.03181087
MPC,0.30064739,1.94712536,0.02570017
MPLX,0.26755102,1.28186077,0.01901226
MPWR,0.13383069,1.40088081,0.04153794
MRK,-0.06281744,-0.29845558,0.01885380
MRNA,-0.25479789,-4.58237265,0.07136644
MRVL,0.23199445,2.47706903,0.04237015
MS,0.45628018,2.59030773,0.02252782
MSCI,0.13831780,0.66568556,0.01909812
MSFT,0.13042024,0.63914361,0.01944701
MSI,0.07820503,0.31791700,0.01613164
MSTR,0.30638639,7.67089692,0.09935189
MTB,0.18743865,1.08752045,0.02302384
MTCH,0.03696811,0.29725406,0.03190803
MTD,0.24969638,1.54038867,0.02448034
MTUM,0.30540445,1.12790970,0.01465543
MTZ,0.31544845,2.63200753,0.03310992
MU,0.40270199,5.06549765,0.04991577
MUB,-0.12123152,-0.10563533,0.00345775
MUSA,-0.14909170,-0.88724985,0.02361522
NBIX,0.17075256,0.99156765,0.02304383
NCLH,0.12890307,1.21220992,0.03731763
NDAQ,0.10978521,0.47884705,0.01730822
NEE,-0.04870168,-0.24932343,0.02031508
NEM,0.33681648,2.10958380,0.02485438
NET,0.11475992,1.04896539,0.03627191
NFLX,-0.12893668,-0.78780864,0.02424620
NI,0.29544836,1.21172466,0.01627503
NICE,-0.13488068,-1.06053582,0.03120147
NIO,-0.07007422,-0.96496831,0.05464548
NKE,-0.15921467,-0.97699150,0.02435046
NLY,0.28448980,1.29231202,0.01802603
NOC,0.17472347,0.79521348,0.01806059
NOW,0.06922142,0.43612427,0.02500168
NRG,0.35331006,3.10966123,0.03492662
NSC,0.22964800,1.14518926,0.01978855
NTAP,0.22091019,1.44320685,0.02592461
NTES,0.51576806,3.37130844,0.02593842
NTNX,0.20003100,1.59686084,0.03167884
NTR,0.56660234,3.37633351,0.02364648
NTRA,-0.02267704,-0.22447429,0.03928075
NTRS,0.19120646,0.96920481,0.02011465
NU,0.21019808,2.10598244,0.03975809
NUE,0.25851722,2.17806383,0.03343340
NVDA,0.00279026,0.02909802,0.04138272
NVDL,-0.00325260,-0.06883883,0.08398505
NVO,-0.29008563,-2.58532139,0.03536615
NVR,0.18617442,1.17494837,0.02504369
NVS,0.03583835,0.10926614,0.01209865
NVT,0.20408077,1.48166890,0.02881035
NXPI,0.15643225,1.12177032,0.02845621
NXT,0.24599586,3.00680936,0.04850400
O,0.22029507,0.97035310,0.01747932
OC,0.30761454,2.06335839,0.02661750
ODFL,0.28683223,1.94357337,0.02688886
OKE,0.32242374,1.74229619,0.02144344
OKTA,0.31643774,2.61654151,0.03281246
OLLI,-0.02129045,-0.19392572,0.03614515
OMC,-0.04998559,-0.29245212,0.02321718
ON,-0.25101288,-2.86861850,0.04534989
ONON,0.14033595,1.22099218,0.03452577
ONTO,0.67609248,6.05502433,0.03553933
ORCL,-0.09936401,-0.66115575,0.02640427
ORLY,0.14595421,0.61711340,0.01677829
OTIS,0.16903916,0.69081427,0.01621711
OVV,0.35458900,2.41059744,0.02697733
OWL,0.10176558,0.80192130,0.03127018
OXY,0.18872013,1.08981025,0.02291565
PAAS,0.01325215,0.12083084,0.03618185
PANW,-0.05824571,-0.46806729,0.03188921
PATH,0.02371115,0.27271876,0.04564170
PAYC,0.13289753,0.97765864,0.02919240
PAYX,0.28579990,1.40727321,0.01953961
PBR,0.15200099,0.91648460,0.02392645
PBR-A,0.06157451,0.35244672,0.02271391
PCAR,0.29573800,1.65771247,0.02224342
PCG,-0.50722878,-3.84287203,0.03006433
PCOR,0.07804102,0.64261877,0.03267608
PCTY,0.04121625,0.28328260,0.02727413
PDD,0.25209847,2.26473518,0.03564894
PEG,0.19987510,0.90185944,0.01790522
PEN,0.28520047,2.46854761,0.03434715
PEP,-0.06751814,-0.30822177,0.01811516
PFE,-0.05769288,-0.28567811,0.01964962
PFF,-0.02276951,-0.04560113,0.00794733
PFG,0.28504742,1.37533573,0.01914657
PFGC,0.20948521,1.09496754,0.02074184
PG,-0.19587523,-0.72982442,0.01478558
PGR,0.16211995,0.81016817,0.01983071
PH,0.31464568,1.56950952,0.01979437
PHM,0.31614398,2.15974199,0.02710918
PINS,0.00244053,0.02128036,0.03460146
PKG,0.34278065,1.38269110,0.01600694
PLD,0.21100639,1.26429593,0.02377676
PLNT,0.20070694,1.24192066,0.02455449
PLTR,-0.06139398,-0.95069538,0.06144903
PM,0.03085810,0.12834476,0.01650473
PNC,0.21883910,1.17524296,0.02131092
PNR,0.13945556,0.67316449,0.01915512
PNW,0.16112866,0.70772388,0.01742972
PODD,0.27361622,1.83591628,0.02662628
POOL,0.20363445,1.30771949,0.02548372
PPG,0.20529944,1.04998304,0.02029523
PPL,0.21620545,0.84646088,0.01553602
PR,0.28082126,1.87903532,0.02655244
PRU,0.03651372,0.18565042,0.02017620
PSA,-0.00403009,-0.02189250,0.02155659
PSKY,-0.10731475,-0.70795512,0.02617856
PSN,0.20144026,1.29678983,0.02554599
PSTG,0.16213809,1.54151526,0.03772786
PSX,0.22495659,1.33225477,0.02350109
PTC,0.14268821,0.65857639,0.01831545
PULS,0.52627152,0.05589646,0.00042148
PWR,0.25579674,1.74707397,0.02710290
PYPL,0.25354404,1.68556406,0.02638100
QCOM,0.25702252,1.76836689,0.02730239
QLD,0.12965772,1.10587300,0.03384592
QQQ,0.13834169,0.58522394,0.01678682
QQQM,0.13903569,0.58394944,0.01666665
QRVO,0.70285869,5.00891866,0.02827974
QSR,-0.38596458,-2.01542677,0.02072140
QUAL,0.15006185,0.44196695,0.01168743
QYLD,0.26917551,0.54295794,0.00800442
RACE,0.26402576,1.17702113,0.01769039
RBLX,0.31832662,2.75134488,0.03429822
RCL,0.19665341,1.39267448,0.02810267
RDDT,0.09369399,1.51113009,0.06400142
REG,-0.06397322,-0.31899671,0.01978734
REGN,-0.16456256,-1.13736817,0.02742644
REXR,0.06758429,0.41757276,0.02451805
RF,0.17422585,1.03896900,0.02366407
RGEN,0.29054536,2.96718595,0.04052568
RIO,0.24817649,0.99285579,0.01587541
RIVN,0.13507357,2.56594787,0.07538361
RJF,0.37089653,1.92298929,0.02057423
RL,0.15670108,0.97807402,0.02476847
RMBS,0.41879789,3.76169659,0.03564337
RMD,0.20401956,1.23651586,0.02405068
RNR,0.15955705,0.88043873,0.02189690
ROK,0.08909970,0.52475814,0.02337127
ROKU,0.05001111,0.61813892,0.04904775
ROL,0.32117144,1.29095090,0.01595043
ROP,0.11235724,0.46644518,0.01647400
ROST,-0.10824545,-0.55632557,0.02039477
RPRX,0.84695094,4.63016582,0.02169391
RRC,0.47235705,3.32504333,0.02793356
RRX,0.06988085,0.57792993,0.03281833
RS,0.31696964,1.97175953,0.02468515
RSG,0.47363521,1.67298131,0.01401673
RSP,0.25836322,0.76361679,0.01172855
RTX,0.27362400,1.10062134,0.01596185
RVTY,0.22293428,1.50565327,0.02680079
RY,0.05833384,0.19291338,0.01312325
SAIA,0.22779446,2.32025940,0.04041968
SAP,0.43582463,1.99439634,0.01815930
SBAC,0.07912155,0.44557692,0.02234742
SBUX,0.15105605,0.80358107,0.02111014
SCCO,0.25306852,1.59397599,0.02499442
SCHD,0.22957311,0.67279418,0.01162949
SCHF,0.20092311,0.50786843,0.01003046
SCHG,0.09989550,0.42862010,0.01702653
SCHH,0.08388049,0.33436544,0.01581830
SCHW,0.16697983,0.88989560,0.02114825
SCHX,0.19123944,0.61432608,0.01274738
SE,0.29507204,2.39229376,0.03217258
SFM,0.16681600,1.20249993,0.02860532
SGI,0.27694686,1.67460137,0.02399465
SGOL,0.15222209,0.38105193,0.00993358
SGOV,0.78879743,0.05019316,0.00025251
SHEL,0.37103919,1.42428162,0.01523265
SHOP,-0.09067835,-0.88272224,0.03862958
SHV,0.78522951,0.04810977,0.00024313
SHW,0.29406366,1.55343647,0.02096291
SHY,0.14441510,0.03698554,0.00101629
SIRI,0.02656603,0.29656302,0.04429857
SJM,-0.37610729,-2.13310686,0.02250610
SJNK,0.23086777,0.19966771,0.00343197
SLB,0.52016432,3.25849442,0.02485856
SLV,0.14135912,0.65141933,0.01828674
SMCI,0.04210787,0.99490830,0.09376035
SMH,0.21891164,1.40127685,0.02540122
SN,0.34748842,3.08492652,0.03522929
SNA,0.24138582,0.99964371,0.01643361
SNAP,-0.04798193,-0.60805816,0.05028828
SNOW,0.22332581,2.07228267,0.03682218
SNPS,0.29976469,2.25487190,0.02984976
SNX,0.71752891,4.25324397,0.02352233
SNY,0.30183666,1.32520594,0.01742252
SO,0.14513492,0.57696583,0.01577530
SOFI,0.29570322,4.07861463,0.05473386
SOLV,0.46197409,2.78840955,0.02395181
SOXL,0.22976235,4.44974072,0.07685202
SOXX,0.23478890,1.50312811,0.02540492
SPDW,0.17982923,0.45503102,0.01004107
SPG,0.02148285,0.10245032,0.01892435
SPGI,0.08089210,0.34634822,0.01699051
SPIB,0.01017020,0.00849620,0.00331509
SPLV,0.16564952,0.43760945,0.01048325
SPOT,0.20626599,1.57049236,0.03021396
SPTL,-0.03595168,-0.09025878,0.00996253
SPXL,0.16004613,1.54311128,0.03826058
SPY,0.17886685,0.56415248,0.01251602
SPYG,0.14488791,0.59754134,0.01636573
SPYM,0.17941524,0.56298076,0.01245184
SPYV,0.20386161,0.56105329,0.01092114
SRE,-0.08232293,-0.46412495,0.02237245
SRLN,0.28086944,0.11448045,0.00161743
SSNC,0.23731152,1.01569007,0.01698407
SSO,0.16682495,1.05796399,0.02516572
STE,0.17718230,0.88962829,0.01992451
STLA,0.03754968,0.25513448,0.02696264
STLD,0.41087106,3.03728908,0.02933459
STM,0.15630664,1.20720743,0.03064813
STT,-0.00461154,-0.02314239,0.01991414
STX,0.48266973,3.13956502,0.02581183
STZ,-0.57127104,-4.31380667,0.02996525
SU,0.38581580,2.04948332,0.02107967
SUI,0.13448465,0.73379770,0.02165225
SWK,0.22280209,1.37060723,0.02441143
SWKS,0.22955119,1.46860731,0.02538783
SYF,0.20713236,1.36543451,0.02615908
SYK,0.37438423,1.71216784,0.01814798
SYY,-0.16626177,-0.71739114,0.01712234
T,-0.06123324,-0.27485780,0.01781231
TAP,-0.13394473,-0.81067274,0.02401704
TCOM,0.11709061,0.97132520,0.03291865
TD,0.64420826,2.36908983,0.01459334
TDG,0.30510980,1.70309198,0.02215039
TDY,0.20057296,0.86832473,0.01717945
TEAM,0.12278550,1.08282582,0.03499540
TECH,0.19587200,1.54202174,0.03124047
TECK,0.20733010,1.35508555,0.02593605
TECL,0.04364828,0.61981884,0.05635041
TEL,0.16536203,0.90636890,0.02175047
TER,0.28143980,2.34428534,0.03305403
TEVA,0.08936429,0.78538831,0.03487546
TFC,0.44939739,2.47081361,0.02181770
TFLO,0.57477791,0.05485351,0.00037871
TGT,-0.09580407,-0.63595854,0.02634173
THC,0.14132807,1.15196183,0.03234515
TIP,0.12040282,0.11168985,0.00368109
TJX,0.03770459,0.15500703,0.01631386
TKO,-0.01236864,-0.08348349,0.02678416
TLN,0.22282105,2.65200285,0.04722992
TLT,-0.03708670,-0.10311175,0.01103289
TME,-0.11842909,-1.17234947,0.03928241
TMF,-0.05596764,-0.49825001,0.03532725
TMO,0.34453974,1.74932115,0.02014790
TMUS,-0.00783665,-0.03967214,0.02008882
TOL,0.27802604,2.15827857,0.03080502
TOST,0.11554244,1.11607687,0.03833117
TPL,0.39147528,4.58740605,0.04650100
TPR,0.34687450,2.15638532,0.02466911
TQQQ,0.12335712,1.60712160,0.05169922
TRGP,0.70611660,4.18252836,0.02350509
TRMB,0.32731817,1.84788798,0.02240294
TROW,-0.00314249,-0.01627903,0.02055674
TRP,0.00927013,0.04150140,0.01776545
TRU,0.13970372,1.00966455,0.02867930
TRV,-0.02272454,-0.11124989,0.01942692
TSCO,0.09694935,0.63366097,0.02593651
TSLA,0.21218917,3.17208027,0.05932263
TSLL,0.20044278,6.16831176,0.12211678
TSM,0.16291072,1.33195907,0.03244447
TSN,-0.22519652,-1.05226077,0.01854220
TT,0.20235704,1.03498549,0.02029623
TTD,0.17715248,1.47608742,0.03306468
TTE,0.46961880,1.95687935,0.01653553
TTWO,0.09410655,0.50426204,0.02126356
TW,-0.06433489,-0.41204457,0.02541541
TWLO,0.09095444,0.71906379,0.03137206
TXN,0.14135241,0.78412996,0.02201326
TXRH,-0.05377335,-0.30311514,0.02236866
TXT,0.21518481,1.10438070,0.02036604
TYL,-0.03878790,-0.20383695,0.02085385
U,-0.15668859,-2.76504459,0.07002679
UAL,0.33696459,3.04194188,0.03582334
UBER,0.20330598,1.66105455,0.03242151
UDR,-0.09775882,-0.50671554,0.02056874
UHS,0.11841391,0.75128055,0.02517670
UL,-0.11933623,-0.37376134,0.01242858
ULTA,-0.17482213,-1.42205986,0.03227906
UMC,-0.14089879,-0.93285881,0.02627291
UNH,0.04958968,0.33728752,0.02699034
UNP,0.13633407,0.57850277,0.01683839
UPRO,0.16175841,1.55750712,0.03820873
UPS,0.25005432,1.18742807,0.01884397
URA,-0.00257974,-0.02126043,0.03270362
URI,0.39669128,2.87837241,0.02879346
USB,0.06183585,0.34217951,0.02195903
USFD,0.07566114,0.35675507,0.01871099
USFR,0.67729095,0.06000667,0.00035158
USHY,0.22233206,0.22624715,0.00403813
USMV,0.14154828,0.34169410,0.00957927
UTHR,-0.01180693,-0.07302538,0.02454349
V,0.11471455,0.42713652,0.01477569
VALE,0.03185018,0.19120968,0.02382306
VB,0.22548038,0.88911943,0.01564771
VBR,0.23492881,0.89754538,0.01516071
VCIT,-0.01454656,-0.01687271,0.00460282
VCLT,-0.01549816,-0.03535058,0.00905140
VCSH,0.06296808,0.03257217,0.00205270
VEA,0.17981297,0.45218055,0.00997908
VEEV,0.09766185,0.73110234,0.02970658
VEU,0.13648463,0.33146652,0.00963730
VFC,0.25818327,2.43609330,0.03744254
VGIT,0.00156708,0.00132649,0.00335901
VGK,0.28312077,0.74682377,0.01046757
VGLT,-0.04336013,-0.10797143,0.00988138
VGSH,0.14876845,0.03909348,0.00104278
VGT,0.05783181,0.27678871,0.01899245
VICI,0.06615743,0.33427390,0.02005041
VIG,0.20225953,0.55181636,0.01082642
VLO,0.50302572,3.47457249,0.02741010
VLTO,0.12774314,0.59431478,0.01846199
VMC,0.27835941,1.42338204,0.02029154
VNQ,0.10086643,0.40700053,0.01601208
VO,0.30565651,0.95479067,0.01239578
VONG,0.09707033,0.40567224,0.01658396
VOO,0.18117133,0.56896612,0.01246225
VRSK,0.11527859,0.51754052,0.01781538
VRSN,0.11410865,0.57986095,0.02016530
VRT,0.30111143,3.65544657,0.04817400
VRTX,0.14236795,1.01335966,0.02824560
VST,0.27690674,3.50276825,0.05019695
VT,0.17560216,0.48721681,0.01101012
VTEB,-0.15778841,-0.12991456,0.00326725
VTI,0.18974807,0.60981066,0.01275314
VTR,0.08694790,0.42476768,0.01938616
VTRS,-0.34288907,-2.35016915,0.02719850
VTV,0.30236604,0.83180257,0.01091658
VTWO,0.10629551,0.50547075,0.01887038
VUG,0.09627216,0.40663977,0.01676133
VWO,-0.02314005,-0.05907548,0.01013077
VXUS,0.12184287,0.29293565,0.00954051
VYM,0.29259879,0.81530966,0.01105731
VZ,-0.11356504,-0.45790374,0.01600033
W,-0.03393869,-0.46630529,0.05452237
WAB,0.32889665,1.67010721,0.02015043
WAL,0.24584871,2.09563881,0.03382579
WAT,0.36651578,2.38496905,0.02582198
WBD,-0.26177004,-2.77149664,0.04201399
WCC,0.26351354,1.90281879,0.02865457
WCN,0.33060738,1.21980962,0.01464128
WDAY,-0.02613062,-0.20147398,0.03059629
WDC,0.15293326,1.30810404,0.03394219
WEC,0.33946692,1.34181551,0.01568537
WELL,0.19911386,0.93206423,0.01857564
WFC,0.43412861,2.42971677,0.02220939
WING,-0.19029277,-1.67682244,0.03496747
WM,0.38808311,1.37332948,0.01404266
WMB,0.27573583,1.46189157,0.02103882
WMS,0.31061216,2.38874279,0.03051760
WMT,0.12867218,0.54830189,0.01690965
WPC,0.14995157,0.70182582,0.01857282
WPM,-0.01455252,-0.09795586,0.02671110
WRB,0.14788442,0.66753840,0.01791238
WSM,0.27277424,2.10530419,0.03062746
WSO,0.27313205,1.60362890,0.02329865
WST,0.10185232,0.64224220,0.02502231
WTW,0.22679341,0.92662770,0.01621341
WY,0.33080709,1.96663948,0.02359117
WYNN,0.03578462,0.28488620,0.03159181
XBI,-0.16306450,-0.96830384,0.02356414
XEL,0.04168208,0.19590089,0.01865033
XLB,0.43415005,1.51766533,0.01387189
XLC,0.01117537,0.04013472,0.01425141
XLE,0.50303973,2.05199568,0.01618727
XLF,0.30179333,1.05499551,0.01387204
XLI,0.37180100,1.21814617,0.01300135
XLK,0.05644498,0.25733815,0.01809165
XLP,-0.13009907,-0.36079901,0.01100501
XLRE,0.12403890,0.51186601,0.01637562
XLU,0.23166443,0.85317250,0.01461426
XLV,0.15177509,0.47308130,0.01236900
XLY,0.19403086,0.89753853,0.01835616
XOM,0.25067183,1.16796101,0.01848938
XP,0.04485734,0.44197531,0.03909884
XPEV,0.37504520,5.36760868,0.05679325
XPO,0.11042707,1.01206481,0.03636907
XYL,0.16773665,0.81055177,0.01917575
XYZ,0.01747710,0.18407412,0.04179486
YUM,-0.32526139,-1.57580077,0.01922508
YUMC,-0.14085716,-1.00721212,0.02837537
Z,0.19994399,1.64491066,0.03264626
ZBH,0.23572249,1.22847057,0.02068060
ZBRA,0.25074999,1.43783959,0.02275459
ZION,0.25674522,1.84033508,0.02844422
ZM,-0.15280102,-1.08947654,0.02829379
ZS,0.09620805,0.85056552,0.03508293
ZTS,0.09490086,0.52869614,0.02210729
