Date,Adj Open,Adj High,Adj Low,Adj Close,Volume,ATR,ATRP,TRP,RSI,Mom_21,Consistency,IR_63,Beta_63,DD_21,Ret_1d,RollingStalePct,RollMedDollarVol,RollingSameVolCount,Ticker
2025-11-25,109.352,109.352,109.343,109.352,1878726,0.018277990776558183,0.00016714820740871848,8.23030214353678e-05,97.69261102941721,0.0028153514604063457,1.0,-0.07673287277097567,-0.0025951332929891823,0.0,8.230979578027764e-05,0.0,331111221.0435,0.0,SHV
2025-11-26,109.372,109.382,109.372,109.372,1916888,0.019115277149661252,0.0001747730420003406,0.00027429323775738886,97.88852545212885,0.002915986575457996,1.0,-0.08307269597962026,-0.002486787935636076,0.0,0.00018289560318973663,0.0,329635504.071,0.0,SHV
2025-11-28,109.412,109.412,109.402,109.402,2528390,0.02060704306754304,0.00018836075270601123,0.00036562402881123063,98.14320057885556,0.003273877756889254,1.0,-0.10703805677608841,-0.0018236209104786135,0.0,0.00027429323775729486,0.0,326997780.219,0.0,SHV
2025-12-01,109.424,109.424,109.414,109.424,3528203,0.020706539991290365,0.0001892321610550735,0.0002010527854950063,98.30468722819367,0.003392814568929259,1.0,-0.11356417449727169,-0.0016784182156648392,0.0,0.00020109321584627082,0.0,326997780.219,0.0,SHV
2025-12-02,109.434,109.444,109.434,109.444,1900212,0.020656072849055056,0.00018873645744906122,0.00018274185885015188,98.43770979947166,0.003392192456497467,1.0,-0.10651204207083055,-0.0017044249636863685,0.0,0.00018277525954091267,0.0,326997780.219,0.0,SHV
2025-12-03,109.454,109.464,109.454,109.464,4607627,0.0206092105026937,0.00018827386631854945,0.00018270847036464975,98.55943824303925,0.0032904083222582425,1.0,-0.09710632884208488,-0.0017673639810822238,0.0,0.00018274185885025496,0.0,326997780.219,0.0,SHV
2025-12-04,109.474,109.483,109.464,109.464,3692240,0.020494266895358826,0.0001872238077848318,0.00017357304684650167,98.55943824303925,0.003198460340008369,0.8,-0.10598279900466025,-0.0013520359840092228,0.0,0.0,0.0,326997780.219,0.0,SHV
2025-12-05,109.503,109.513,109.503,109.503,2304769,0.022530390688547952,0.00020575135556603885,0.0004474763248496077,98.77525282483266,0.0034639175257731303,0.8,-0.10449552219810017,-0.0013133846203047931,0.0,0.0003562815172111211,0.0,326997780.219,0.0,SHV
2025-12-08,109.513,109.523,109.513,109.513,2940790,0.02234964849650853,0.00020408215003249412,0.00018262672011538374,98.82390598131882,0.0033808546507365644,0.8,-0.09295041108900672,-0.0011507885173283842,0.0,9.132169894887632e-05,0.0,325423469.637,0.0,SHV
2025-12-09,109.533,109.533,109.523,109.523,2479172,0.02218181646104335,0.000202531125526541,0.00018261004537855995,98.87215608586921,0.0031048505275497185,0.8,-0.08539522403994343,-0.0011414302848955192,0.0,9.131336005752111e-05,0.0,325423469.637,0.0,SHV
2025-12-10,109.543,109.553,109.533,109.553,4031988,0.02274025814239748,0.00020757312115959837,0.0002738400591494632,99.00415058386491,0.0032877264318551536,0.8,-0.0819824815592517,-0.001000015865182245,0.0,0.0002739150680679536,0.0,326997780.219,0.0,SHV
2025-12-11,109.563,109.573,109.553,109.573,2289976,0.02254452541794023,0.0002057489109355428,0.00018252671734821554,99.08133955788327,0.0034708866787551695,1.0,-0.08750120024561513,-0.0009771264737487644,0.0,0.00018256003943295518,0.0,326997780.219,0.0,SHV
2025-12-12,109.603,109.603,109.593,109.603,1895884,0.023077059316658866,0.00021055134728665154,0.00027371513553462167,99.18356503233726,0.0036537123182300846,1.0,-0.05314128590781283,-0.001356707838643839,0.0,0.00027379007602235106,0.0,326997780.219,0.0,SHV
2025-12-15,109.623,109.623,109.613,109.623,2470618,0.02285726936546968,0.00020850797155222607,0.00018244346533127383,99.24396535268298,0.0037449411247643116,1.0,-0.052848922289687045,-0.001361402248705312,0.0,0.00018247675702309785,0.0,326997780.219,0.0,SHV
2025-12-16,109.633,109.633,109.623,109.633,2440226,0.021938892982221195,0.00020011212848522976,9.121341202002049e-05,99.27292873734409,0.003560836293068581,1.0,-0.04975821438676734,-0.0013331673652212971,0.0,9.122173266540301e-05,0.0,326997780.219,0.0,SHV
2025-12-17,109.642,109.642,109.633,109.642,1999338,0.02101468634063399,0.0001916663900752813,8.208533226318693e-05,99.29895898116783,0.003560542959918589,1.0,-0.017528395768586884,-0.0010126043600043057,0.0,8.209207081799619e-05,0.0,326997780.219,0.0,SHV
2025-12-18,109.652,109.662,109.652,109.662,2114366,0.02094220874487515,0.00019097051617584168,0.0001823785814594867,99.3542832259923,0.003559891281469385,1.0,-0.02301335308547643,-0.0011958808325471183,0.0,0.00018241184947376254,0.0,326997780.219,0.0,SHV
2025-11-25,21.0,21.915,20.89,21.83,5091100,1.0581914348511174,0.048474183914389256,0.0469537333944113,45.43437307435348,-0.011322463768115965,0.4,0.07284662399457152,1.5506128873611849,-0.10715746421267902,0.03656220322886994,0.0,125825077.0,0.0,CFLT
2025-11-26,21.83,22.155,21.58,21.83,4071600,1.0236777609331809,0.04689316357916541,0.026339899221255285,45.43437307435348,-0.08084210526315794,0.4,0.035489748597306345,1.489891713950659,-0.10715746421267902,0.0,0.0,124871108.0,0.0,CFLT
2025-11-28,22.03,22.4,21.84,22.25,1861800,0.9912722065808108,0.044551559846328574,0.025617977528089902,49.14338415723962,-0.05919661733615211,0.6,0.04576790203240873,1.5003601077203157,-0.08997955010224945,0.019239578561612625,0.0,124114517.0,0.0,CFLT
2025-12-01,21.84,22.635,21.66,21.87,5725100,0.990109906110753,0.045272515139952126,0.044581618655692795,46.090769862658014,-0.07015306122448972,0.6,0.05470183668450185,1.4626543707122632,-0.10552147239263798,-0.017078651685393242,0.0,124114517.0,0.0,CFLT
2025-12-02,22.45,23.17,22.41,23.06,4780600,1.0122449128171278,0.04389613672233859,0.05637467476149179,55.427981877247376,-0.013264869490800302,0.6,0.08553564540260337,1.4821853567537018,-0.05685071574642131,0.054412437128486424,0.0,124114517.0,0.0,CFLT
2025-12-03,23.025,23.665,22.415,23.65,6132700,1.029227419044476,0.04351912976932245,0.052854122621564484,59.20103539759162,0.00895904436860051,0.6,0.1265503112116669,1.5966590961815812,-0.03271983640081799,0.025585429314830765,0.0,124681543.5,0.0,CFLT
2025-12-04,23.48,23.77,23.215,23.35,5132900,0.9953540319698705,0.0426275816689452,0.02376873661670234,56.57841536984083,0.029995588883987567,0.6,0.09306492228845835,1.644814550928318,-0.04498977505112467,-0.012684989429175397,0.0,124681543.5,0.0,CFLT
2025-12-05,23.11,23.505,22.91,23.14,5564000,0.966757315400594,0.041778622100284955,0.02571305099394982,54.750007925813094,0.02661934338952987,0.4,0.06083839933111468,1.6242935743678675,-0.053578732106339455,-0.008993576017130689,0.0,125397501.5,0.0,CFLT
2025-12-08,29.84,29.95,29.7,29.87,146309900,1.38413179287198,0.046338526711482426,0.22798794777368592,78.60852340798839,0.3210968597965502,0.6,0.14470453035576183,1.318565273528615,0.0,0.2908383751080381,0.0,125397501.5,0.0,CFLT
2025-12-09,29.833,29.9,29.8,29.9,55523200,1.2924080933811242,0.043224350949201476,0.0033444816053510994,78.66253148041748,0.31834215167548496,0.6,0.14551867486602574,1.324728068103265,0.0,0.001004352192835567,0.0,125825077.0,0.0,CFLT
2025-12-10,29.89,30.04,29.88,30.0,32223700,1.211521800996758,0.04038406003322527,0.005333333333333338,78.8541801769213,0.27496812579685503,0.6,0.15834185206663207,1.3999529415453664,0.0,0.0033444816053511683,0.0,126202207.0,0.0,CFLT
2025-12-11,30.01,30.225,30.0,30.14,19440400,1.1410559580684185,0.03785852548335828,0.007465162574651673,79.13670627256812,0.23271983640081806,0.8,0.16310305374965456,1.392290640730309,0.0,0.004666666666666597,0.0,126202207.0,0.0,CFLT
2025-12-12,30.1,30.13,30.02,30.05,12145100,1.0681233896349602,0.03554487153527322,0.003993344425956772,78.41141493868864,0.23357963875205257,0.8,0.15843506127017143,1.361396208269394,-0.0029860650298606517,-0.0029860650298606517,0.0,126202207.0,0.0,CFLT
2025-12-15,30.08,30.15,30.05,30.07,17174900,0.9989717189467486,0.03322154037069334,0.0033255736614565302,78.45866249512933,0.28504273504273514,0.8,0.16287993779827234,1.3553046602310317,-0.002322495023225013,0.000665557404326167,0.0,127276927.0,0.0,CFLT
2025-12-16,30.08,30.1,29.96,29.96,19851800,0.9376165961648381,0.03129561402419353,0.004672897196261701,77.45462506783556,0.28583690987124455,0.6,0.1611505791228969,1.3600863332095994,-0.005972130059721303,-0.0036581310276022627,0.0,128481744.0,0.0,CFLT
2025-12-17,30.01,30.045,30.0,30.0,11790800,0.8767154107244925,0.029223847024149752,0.0028333333333333617,77.56704607088352,0.323918799646955,0.6,0.15631127500341055,1.3123556880344363,-0.004644990046449915,0.001335113484646211,0.0,128481744.0,0.0,CFLT
2025-12-18,30.04,30.07,29.95,29.95,15446800,0.8226643099584575,0.027467923537844992,0.004006677796327246,77.04984849666455,0.32171226831420996,0.4,0.15732910810987,1.3022524914657287,-0.006303915063039178,-0.0016666666666667052,0.0,128830928.0,0.0,CFLT
2025-11-25,99.688,99.688,99.6781,99.688,19295631,0.01834252880668378,0.0001839993660890356,0.00019861969344357988,99.5358729291894,0.00316785612217374,1.0,-0.07639947896894256,-0.0026926086592115907,0.0,0.00019865915106320742,0.0,1065799695.5516,0.0,SGOV
2025-11-26,99.6979,99.7078,99.6979,99.6979,12061410,0.01844663389192091,0.00018502530035157118,0.0001985999705109495,99.5577148409468,0.0031685499532114747,1.0,-0.08291197770300225,-0.0027255734543298747,0.0,9.930984672168464e-05,0.0,1069849375.2189,0.0,SGOV
2025-11-28,99.7276,99.7375,99.7177,99.7276,24648240,0.019957588613926058,0.00020012101578626237,0.000397081650415662,99.61608545387993,0.003367443751012278,1.0,-0.10714976079481156,-0.0017721279289774103,0.0,0.0002978999557663453,0.0,1071194917.7251999,0.0,SGOV
2025-12-01,99.7505,99.7505,99.7405,99.7505,29208786,0.020167760855788985,0.00020218205277957487,0.00022957278409639075,99.65400203319433,0.0034978893954698,1.0,-0.1132469437026113,-0.0020309069253360923,0.0,0.00022962549986171865,0.0,1074326468.2333,0.0,SGOV
2025-12-02,99.7604,99.7703,99.7604,99.7703,14453245,0.020141492223232887,0.0002018786374625804,0.0001984558530945942,99.6831410536112,0.0033982886865850936,1.0,-0.10601798537693462,-0.0019614101384079234,0.0,0.00019849524563797516,0.0,1076621542.7638998,0.0,SGOV
2025-12-03,99.7803,99.7852,99.7803,99.7803,15629623,0.0197670999215732,0.0001981062386219845,0.0001493280737780629,99.69701933866102,0.0032193814403966847,1.0,-0.09680401465616502,-0.0021113056463150483,0.0,0.00010023022883554056,0.0,1079374749.8761,0.0,SGOV
2025-12-04,99.7902,99.8001,99.7902,99.8001,13775997,0.019769449927175373,0.0001980904821455627,0.00019839659479302718,99.72289895680349,0.0034184562452681533,1.0,-0.10451067388066101,-0.002077979990334416,0.0,0.0001984359638125266,0.0,1079374749.8761,0.0,SGOV
2025-12-05,99.82,99.8299,99.82,99.8299,18031185,0.020485917789519595,0.00020520823710651413,0.0002985077617026011,99.75659699699952,0.0035182986713897524,1.0,-0.10337407510544387,-0.0021003886375367794,0.0,0.0002985968951934037,0.0,1084347581.2927,0.0,SGOV
2025-12-08,99.8299,99.8299,99.82,99.8299,16763031,0.01972978080455404,0.00019763398345139124,9.916868593479305e-05,99.75659699699952,0.0034184408853972226,0.8,-0.09222471655670912,-0.0018628044073233593,0.0,0.0,0.0,1087271751.4155,0.0,SGOV
2025-12-09,99.8399,99.8449,99.8399,99.8399,11085926,0.019391939318514507,0.00019423035598507718,0.0001502405350966955,99.76759623853009,0.003218461488993185,0.8,-0.08448634046810467,-0.0018042949529563325,0.0,0.00010017038983312077,0.0,1088341987.3594499,0.0,SGOV
2025-12-10,99.8498,99.8498,99.8399,99.8399,12312117,0.01871394365290646,0.0001874395272121312,9.915875316383326e-05,99.76759623853009,0.0031186733581500814,0.6,-0.08164887511372265,-0.0021548355862197606,0.0,0.0,0.0,1089180322.66945,0.0,SGOV
2025-12-11,99.8598,99.8697,99.8598,99.8598,22484514,0.019505804820555604,0.00019533190353431112,0.00029841838257231134,99.78954538806317,0.0032188259121515017,0.6,-0.08736691325529916,-0.0020895659187989755,0.0,0.0001993191098950131,0.0,1094014457.744,0.0,SGOV
2025-12-12,99.8896,99.8995,99.8896,99.8995,13404266,0.020948247333372798,0.00020969321501481785,0.0003973993863832781,99.82504495998246,0.003517854972360457,0.6,-0.0524103156773543,-0.0025757145393488622,0.0,0.0003975573754402273,0.0,1102242697.6055999,0.0,SGOV
2025-12-15,99.8995,99.9095,99.8995,99.8995,14861103,0.020166229666702663,0.0002018651711640465,0.00010010060110401859,99.82504495998246,0.003418066838624556,0.6,-0.05254581273804801,-0.0024659747627541286,0.0,0.0,0.0,1106270118.9753,0.0,SGOV
2025-12-16,99.9194,99.9194,99.9095,99.9095,10768737,0.020147213261937667,0.0002016546300595806,0.00019918025813353787,99.83326132770111,0.003219234272092475,0.6,-0.04945468764429098,-0.002439196731925965,0.0,0.00010010060110410279,0.0,1106270118.9753,0.0,SGOV
2025-12-17,99.9194,99.9293,99.9194,99.9293,13875220,0.020122412314656665,0.00020136648925446956,0.00019814008504015932,99.84843854172911,0.0033183130720451093,0.8,-0.017237825507464714,-0.0025406818636389363,0.0,0.0001981793523138098,0.0,1109797054.2797,0.0,SGOV
2025-12-18,99.9393,99.9393,99.9293,99.9293,21022445,0.019399382863610128,0.00019413107930917286,0.00010007075002031553,99.84843854172911,0.0033183130720451093,0.6,-0.023149924904684996,-0.003098803184669213,0.0,0.0,0.0,1116728612.2030501,0.0,SGOV
2025-11-25,90.7628,90.7628,90.7529,90.7628,9083269,0.01866315242676541,0.00020562556936063465,0.00021815104866755534,97.5817448863706,0.00309340217875409,0.6,-0.07714414347595636,-0.0013232480612107773,0.0,0.00021819864893157792,0.007936507936507936,759245445.58395,0.0,BIL
2025-11-26,90.7826,90.7826,90.7727,90.7727,6817703,0.018744355824853853,0.00020649772260661908,0.00021812725632270046,97.7070388980244,0.0030941722370976255,0.8,-0.08366526513036428,-0.0013546835736562592,0.0,0.00010907552433381262,0.007936507936507936,759245445.58395,0.0,BIL
2025-11-28,90.8024,90.8123,90.8024,90.8024,10884084,0.02023404469450665,0.00022283601198323666,0.00043611182083285214,98.0358255613996,0.003094265170018984,0.8,-0.10752205612485581,-0.0006413093133346855,0.0,0.0003271908844839633,0.007936507936507936,762665776.19665,0.0,BIL
2025-12-01,90.8233,90.8233,90.8134,90.8134,16974973,0.02028161293061314,0.00022333282236556654,0.00023014224772993275,98.14208424753312,0.0032157821884772897,0.8,-0.11419771351854449,-0.0003997553860874843,0.0,0.00012114217245362546,0.007936507936507936,765387325.7606499,0.0,BIL
2025-12-02,90.8332,90.8432,90.8233,90.8432,7455300,0.020961497721283237,0.00023074371798090818,0.0003280377617696701,98.39534823847762,0.0033255248111099256,1.0,-0.10671450678194126,-0.0003087975489433818,0.0,0.00032814540585413,0.007936507936507936,765387325.7606499,0.0,BIL
2025-12-03,90.8432,90.8531,90.8432,90.8531,6576684,0.020171390741191706,0.00022202204152848616,0.00010896711284482089,98.46996762326715,0.0032930299740818736,1.0,-0.0975095710527291,-0.00047589214110292796,0.0,0.00010897898797046501,0.007936507936507936,762665776.19665,0.0,BIL
2025-12-04,90.863,90.8729,90.863,90.863,7287432,0.020144862831106843,0.0002217058960314632,0.00021791048061371067,98.54293591894728,0.00329266999982325,1.0,-0.10569800620022038,-0.0002898305151371592,0.0,0.00010896711284491545,0.007936507936507936,759245445.58395,0.0,BIL
2025-12-05,90.8928,90.8928,90.8829,90.8829,7359634,0.02083451548602739,0.00022924571603709156,0.00032789446639570804,98.67928301989734,0.0034027162110390474,1.0,-0.10433726182095958,-0.00025485266005974326,0.0,0.0002190110385966726,0.007936507936507936,759245445.58395,0.0,BIL
2025-12-08,90.8928,90.9027,90.8928,90.8928,7632131,0.02076062152273896,0.0002284077674220506,0.00021783903675526975,98.74233504184706,0.0034023443278436982,1.0,-0.09315005281243743,-0.00019156171224514844,0.0,0.00010893138313128325,0.007936507936507936,759245445.58395,0.0,BIL
2025-12-09,90.9127,90.9127,90.9027,90.9127,9350696,0.02069914855682953,0.00022768159516579675,0.00021889131001506844,98.8601350256358,0.003293078465540278,1.0,-0.08516790597379725,-0.00019858777038644814,0.0,0.0002189392339106977,0.007936507936507936,762665776.19665,0.0,BIL
2025-12-10,90.9127,90.9226,90.9127,90.9127,7023092,0.01992778080277041,0.00021919688671407194,0.00010889567684164914,98.8601350256358,0.0030738982347702226,0.8,-0.08215762694100454,-0.00035509393800417483,0.0,0.0,0.007936507936507936,762665776.19665,0.0,BIL
2025-12-11,90.9226,90.9325,90.9226,90.9226,7194585,0.01991865360257278,0.000219072635434675,0.00021776763972877582,98.91857731632744,0.0032927187219307097,0.8,-0.08813204486503974,-0.00031656521236546103,0.0,0.00010889567684158052,0.007936507936507936,759245445.58395,0.0,BIL
2025-12-12,90.9623,90.9623,90.9524,90.9623,6083047,0.02133160691667446,0.00023451041713626921,0.0004364445490054264,99.11461737053614,0.0036211536276080647,0.8,-0.05323164930013658,-0.001133696470762257,0.0,0.0004366351160216553,0.007936507936507936,759245445.58395,0.0,BIL
2025-12-15,90.9623,90.9723,90.9623,90.9623,6100569,0.020522206422626654,0.00022561221981663452,0.00010993565466138296,99.11461737053614,0.003511539649618145,0.6,-0.053180112024185364,-0.001071422323062,0.0,0.0,0.007936507936507936,759245445.58395,0.0,BIL
2025-12-16,90.9723,90.9822,90.9723,90.9723,7262760,0.020477763106725246,0.00022509888292068295,0.00021874790458202014,99.1591469216687,0.0031835965929893906,0.6,-0.05008351531838423,-0.0010531885472797081,0.0,0.00010993565466144162,0.007936507936507936,759245445.58395,0.0,BIL
2025-12-17,90.9822,90.9921,90.9822,90.9822,9708788,0.020429351456244114,0.00022454228910978314,0.00021762498598615313,99.20193992642702,0.0032927673802098933,0.8,-0.017820188772221395,-0.0008492653550965744,0.0,0.00010882433444026063,0.007936507936507936,762665776.19665,0.0,BIL
2025-12-18,90.9971,90.9971,90.9872,90.9971,10308117,0.02003439778079791,0.00022016523362610357,0.00016374148187137005,99.26275357964745,0.003238026358438617,0.8,-0.023493493413163286,-0.0011585445498689137,0.0,0.00016376829753506073,0.007936507936507936,765387325.7606499,0.0,BIL
2025-11-25,22.85,23.58,22.59,22.96,31113400,0.8780104111448667,0.03824087156554297,0.043118466898954634,60.65728470222522,0.09125475285171114,0.4,0.21827540726200512,1.1529228738048087,-0.03081468974250745,0.004374453193350947,0.0,461417225.5,0.0,WBD
2025-11-26,23.17,23.91,23.17,23.88,40581600,0.8831525246345191,0.03698293654248405,0.03978224455611387,66.74433063740076,0.13768461171986668,0.6,0.2328943033121388,1.2038200007407973,0.0,0.04006968641114983,0.0,462639157.5,0.0,WBD
2025-11-28,23.8,24.2,23.65,24.0,19985500,0.8593559157320536,0.03580649648883557,0.022916666666666696,67.4517038506462,0.1246485473289598,0.8,0.24360277275508951,1.1173621384006716,0.0,0.005025125628140836,0.0,463016717.5,0.0,WBD
2025-12-01,23.82,24.12,23.64,23.87,36016900,0.8322590646083357,0.03486632026008947,0.020108923334729804,65.81836315273469,0.10407030527289551,0.6,0.24131771591980083,1.1239712509251962,-0.005416666666666625,-0.005416666666666625,0.0,463861951.5,0.0,WBD
2025-12-02,24.25,24.76,24.03,24.53,46583800,0.8363834171363117,0.034096348028386125,0.03628210354667756,69.81472059720952,0.09265033407572387,0.8,0.24301036644075458,1.117270710753842,0.0,0.02764976958525356,0.0,465674681.5,0.0,WBD
2025-12-03,24.24,24.74,24.1,24.57,22786500,0.8223560301980035,0.033469923898982644,0.026048026048025925,70.04331519298682,0.10228802153432048,0.8,0.25016700517729074,1.1758959099690782,0.0,0.0016306563391765838,0.0,470072309.0,0.0,WBD
2025-12-04,24.17,24.57,24.05,24.54,38315600,0.8007591708981462,0.03263077306023416,0.02118989405052973,69.61748637977514,0.08584070796460175,0.6,0.2390772974279725,1.198600426715543,-0.0012210012210012167,-0.0012210012210012167,0.0,473723745.0,0.0,WBD
2025-12-05,25.45,26.1,24.98,26.08,198872300,0.8549906586911359,0.03278338415226748,0.05981595092024549,77.26008876315447,0.14586994727592262,0.6,0.25149120055270857,1.2091186289258375,0.0,0.06275468622656888,0.0,475777332.0,0.0,WBD
2025-12-08,27.64,28.17,26.84,27.23,167058200,0.9432056116417693,0.034638472700762736,0.07675358060962187,81.0862041566604,0.21454058876003557,0.8,0.2696303916224093,1.1796806100926729,0.0,0.044095092024539984,0.0,478262978.5,0.0,WBD
2025-12-09,27.46,28.34,27.37,28.26,106789400,0.9551194965245,0.03379757595628096,0.03927813163481951,83.72713688027486,0.24658138509042793,0.8,0.2752470921190891,1.1639258078969086,0.0,0.03782592728608147,0.0,479314264.0,0.0,WBD
2025-12-10,28.98,29.81,28.86,29.53,103651300,0.9976109610584641,0.03378296515606042,0.05248899424314247,86.27235922184877,0.2850304612706702,0.8,0.2767928827021198,0.648113768198632,0.0,0.044939844302901655,0.0,479673772.5,0.0,WBD
2025-12-11,29.44,29.72,29.35,29.49,43468400,0.9527816066971451,0.032308633662161586,0.012546625974906663,85.81708144735886,0.2793926247288503,0.8,0.24484579029758685,0.6932474674214683,-0.0013545546901456706,-0.0013545546901456706,0.0,479673772.5,0.0,WBD
2025-12-12,29.88,30.0,29.75,29.98,45678400,0.9211543490759206,0.030725628721678472,0.017011340893929337,86.7402100183745,0.3510590356016223,0.8,0.24552573068997585,0.6148270463213324,0.0,0.016615801966768373,0.0,480784342.5,0.0,WBD
2025-12-15,29.84,29.92,29.5,29.71,53940500,0.8896433241419264,0.02994423844301334,0.01615617637159207,83.51460359455797,0.34191508581752483,0.6,0.29090519654338665,0.5876469906258751,-0.009006004002668377,-0.009006004002668377,0.0,483147580.0,0.0,WBD
2025-12-16,29.46,29.51,28.71,28.9,85661500,0.8975259438460745,0.031056261032736145,0.03460207612456748,74.5571209880533,0.2548849326964828,0.4,0.2817908105894818,0.6067526848227551,-0.03602401601067384,-0.027263547627061624,0.0,483147580.0,0.0,WBD
2025-12-17,28.55,28.85,28.19,28.21,70350800,0.8841312335713547,0.031341057553043415,0.025168380007089586,67.87825157897169,0.24054529463500463,0.2,0.253911610475474,0.6463021171926588,-0.05903935957304873,-0.02387543252595148,0.0,489562062.5,0.0,WBD
2025-12-18,28.35,28.38,27.41,27.61,67719600,0.8902647168876864,0.032244285291115046,0.035132198478811986,62.62477451427161,0.16547066272688893,0.2,0.21686040523889022,0.5569153870192268,-0.07905270180120083,-0.021269053527118054,0.0,495010866.5,0.0,WBD
2025-11-25,82.5,83.02,81.94,82.31,2191800,1.1967895278062581,0.014540025851126936,0.013121127445024885,57.19807550555332,0.008330270733798883,0.4,0.049147236812941086,0.45686094876550293,-0.005197002658931527,-0.004715840386940728,0.0,115562541.6108,0.0,TD
2025-11-26,82.69,83.57,82.44,83.44,2492100,1.201304561534382,0.014397226288762967,0.015100671140939489,62.977669731513586,0.008704061895551174,0.6,0.15170702012580914,0.5054684718139912,0.0,0.013728587048961183,0.0,115692425.61080001,0.0,TD
2025-11-28,83.55,84.06,83.37,83.93,654200,1.164782807139069,0.013878027012261037,0.008221136661503606,65.17372562334506,0.026290046466128647,0.8,0.10136619658228016,0.5675584058647668,0.0,0.00587248322147671,0.0,115562541.6108,0.0,TD
2025-12-01,83.95,84.23,83.02,83.5,2457800,1.168012606629136,0.013988174929690253,0.014491017964071951,61.71416040394765,0.019411549261384442,0.6,0.10167595630309889,0.5615373909744649,-0.005123317049922638,-0.005123317049922638,0.0,115562541.6108,0.0,TD
2025-12-02,83.82,84.55,83.0,84.55,4317300,1.1952974204413405,0.014137166415627919,0.018332347723240654,66.40384919009705,0.029465481553634598,0.6,0.12371507881385009,0.5638121244287833,0.0,0.012574850299401197,0.0,115692425.61080001,0.0,TD
2025-12-03,84.65,85.11,84.16,84.37,2112000,1.1777761761241021,0.013959655992937088,0.011259926514163835,64.93541212371471,0.029781520810447937,0.6,0.13463897387689266,0.5765781363698321,-0.0021289178001181464,-0.0021289178001181464,0.0,115933874.72640002,0.0,TD
2025-12-04,84.67,86.34,83.58,86.08,3954900,1.2907921635438095,0.014995262122953178,0.032063197026022366,71.4048038952487,0.06878569654829891,0.6,0.16768963985516733,0.5721099641130115,0.0,0.020267867725494826,0.0,116121301.8139,0.0,TD
2025-12-05,86.85,88.45,86.77,88.32,4420500,1.3678784375763948,0.015487754048645776,0.026834239130434836,77.31033960464417,0.09496652615918677,0.6,0.20038787230831012,0.5780372863822242,0.0,0.026022304832713727,0.0,116121301.8139,0.0,TD
2025-12-08,88.41,88.79,88.06,88.13,3922300,1.3223156920352241,0.015004149461423174,0.00828321797344836,75.87888549403797,0.09573542210617925,0.6,0.19141056777352725,0.5788536385366346,-0.0021512681159420177,-0.0021512681159420177,0.0,116121301.8139,0.0,TD
2025-12-09,88.26,89.24,88.19,89.14,2627200,1.3071502854612795,0.014664014869433245,0.012452322189813769,78.19060878254899,0.10185414091470935,0.6,0.20424624439766645,0.5724751143533563,0.0,0.011460342675593038,0.0,116121301.8139,0.0,TD
2025-12-10,89.46,91.52,89.44,91.26,2848500,1.3837824079283307,0.015163077009953218,0.026079333771641414,82.07407273511451,0.12472270150357412,0.8,0.2221469354406491,0.5893481410123329,0.0,0.02378281355171641,0.0,116121301.8139,0.0,TD
2025-12-11,91.5,91.85,90.82,91.83,2345400,1.35851223593345,0.014793773668010999,0.01121637808994883,82.95298929520771,0.12536764705882364,0.8,0.22915999003905724,0.5896049135893255,0.0,0.0062458908612754716,0.0,116121301.8139,0.0,TD
2025-12-12,91.95,92.11,90.91,91.42,1734800,1.3471899333667752,0.014736271421644883,0.013126230584117292,79.91768257339275,0.10490693739424706,0.6,0.22981147501436036,0.5839943580127226,-0.004464771861047545,-0.004464771861047545,0.0,116121301.8139,0.0,TD
2025-12-15,91.71,92.24,91.47,92.04,1542200,1.3095335095548621,0.014227873854355302,0.008909169926119004,81.04706133422265,0.1314074984634297,0.8,0.2359913150183005,0.5817738061072507,0.0,0.006781885801794063,0.0,116121301.8139,0.0,TD
2025-12-16,91.91,92.23,91.64,91.65,1259200,1.2581382588723724,0.013727640576894407,0.006437534097108602,78.07277348230457,0.12661339889366952,0.6,0.21992825913308656,0.5885655990794618,-0.004237288135593209,-0.004237288135593209,0.0,116121301.8139,0.0,TD
2025-12-17,91.79,91.85,90.37,91.15,1880300,1.2739855260957738,0.013976802261061697,0.016236972024135925,74.30773161996686,0.11909146715776564,0.4,0.2386801191205198,0.5976882648173792,-0.009669708822251155,-0.0054555373704310295,0.0,116325847.0875,0.0,TD
2025-12-18,91.76,93.08,91.5,92.52,1957300,1.3208437028032178,0.014276304613091416,0.02086035451794199,77.50830399810806,0.12472647702406991,0.4,0.2551888508969606,0.6157591914248898,0.0,0.01503017004936913,0.0,117022129.2326,0.0,TD
2025-11-25,50.0354,52.0137,49.5085,51.5266,9661755,2.282567835646695,0.04429882498838843,0.04861954796163539,35.70699773056138,-0.18981422517826674,0.6,-0.21765356550898884,1.8494015989819153,-0.1782290488804964,0.011316977428851738,0.0,500875565.5179,0.0,MCHP
2025-11-26,51.5664,53.0477,51.2482,52.2623,6302995,2.24806299024336,0.04301500298003264,0.03443208584390663,38.726765800407954,-0.1664957521223439,0.8,-0.19327696970625322,1.8761672272226813,-0.15183525619907134,0.014278062204764241,0.0,500875565.5179,0.0,MCHP
2025-11-28,52.3816,53.4254,52.0634,53.2664,3777109,2.184772776654549,0.04101596459784308,0.025569589835243267,42.68361558717625,-0.13553971966029466,1.0,-0.18290607215367427,1.9142451371591416,-0.13387826646872591,0.019212702081615074,0.0,499822793.2065,0.0,MCHP
2025-12-01,52.5705,53.9523,52.312,53.1172,5613660,2.145881864036367,0.04039900190590557,0.030880769317659883,42.24704782270934,-0.13143466366664436,0.8,-0.17049121833007244,1.8920318103349227,-0.13630428667363692,-0.002801015274169094,0.0,498826865.7658,0.0,MCHP
2025-12-02,53.4851,57.0143,53.0974,56.378,12024386,2.2723831594623407,0.04030620382883999,0.06947568200361841,53.45244721390734,-0.0832830622488816,0.8,-0.10635335771518836,1.9199133172318799,-0.08313696025864326,0.06138877802293807,0.0,499822793.2065,0.0,MCHP
2025-12-03,58.9529,63.5657,58.6049,63.2377,23041274,2.623477219500745,0.04148596833061204,0.11366162905988042,67.66544489467171,0.028420835223881502,0.8,-0.020902890928742746,1.99209880587512,0.0,0.12167334775976446,0.0,500875565.5179,0.0,MCHP
2025-12-04,63.5955,65.1066,62.8499,64.3412,12716336,2.5972788466792633,0.04036727395011693,0.03507394950669248,69.28995061497608,0.0975437926134668,0.8,-0.02668215327112979,2.023207011370748,0.0,0.017450033761506223,0.0,504415356.2499,0.0,MCHP
2025-12-05,65.8026,66.5581,65.1564,65.4248,11416929,2.5701089290593155,0.03928340520810634,0.033884704271163156,70.83924674300243,0.09216443698062582,0.8,-0.010310725876215865,2.032311822635936,0.0,0.01684146394534136,0.0,504415356.2499,0.0,MCHP
2025-12-08,65.9119,67.0253,65.8821,66.9558,8194567,2.5008511484122216,0.0373507769067388,0.023903829093222646,72.91810041898125,0.1450290037485975,1.0,0.012149347259687329,2.004289890076868,0.0,0.023400912192318435,0.0,504415356.2499,0.0,MCHP
2025-12-09,66.4786,67.0949,66.1406,66.4587,7532693,2.3903832092399195,0.035967950159120174,0.014359293817062167,71.14464348427916,0.19852516843882073,0.8,0.010110748694433631,2.0098272266801667,-0.00742430080739831,-0.00742430080739831,0.0,501237250.39245,0.0,MCHP
2025-12-10,66.399,67.8008,65.8423,67.5025,8832099,2.3595344085799255,0.03495477069115848,0.029013740231843277,72.64888821130047,0.23646351560267576,0.8,0.018000837036416854,2.039163035523237,0.0,0.015705994850937488,0.0,501237250.39245,0.0,MCHP
2025-12-11,67.423,68.8645,66.3891,68.6856,8291736,2.3678105222527885,0.03447317228433309,0.036039577436901005,74.28519288043722,0.27423029259641285,0.8,0.029900110263941956,2.043372401893376,0.0,0.01752675826821215,0.0,501237250.39245,0.0,MCHP
2025-12-12,68.954,69.1528,66.24,66.7868,13204191,2.4067383420918755,0.03603613801068288,0.04361340863763505,67.32374024211062,0.21851486954935218,0.6,0.03744122920909511,2.1043036294410067,-0.0276448047334521,-0.0276448047334521,0.0,501237250.39245,0.0,MCHP
2025-12-15,67.6616,67.6914,66.1306,66.7868,6807850,2.346314174799599,0.03513140582869068,0.023369887462792054,67.32374024211062,0.23674449697326594,0.4,0.02534285874875036,2.1146023132608307,-0.0276448047334521,0.0,0.0,501237250.39245,0.0,MCHP
2025-12-16,68.5862,68.9242,64.53,65.5143,7337148,2.4925917337424845,0.038046529288147536,0.06707237961788491,62.75306372396554,0.2433514196733073,0.4,0.002022827793437944,2.137329680868908,-0.046171249868968034,-0.019053166194517357,0.0,501237250.39245,0.0,MCHP
2025-12-17,65.7827,66.2201,63.0686,63.6154,8802023,2.539656609903736,0.03992204104515158,0.049539891284185886,56.579956169150094,0.24888148117609887,0.2,-0.010547461329954244,2.1541295256531154,-0.07381751051166463,-0.0289845117783446,0.0,501237250.39245,0.0,MCHP
2025-12-18,64.9376,65.2955,63.3768,63.685,6593395,2.4953025663391832,0.0391819512654343,0.03012797362016175,56.7479014952354,0.2706453685340442,0.2,-0.0012574313055301815,2.1589674822575007,-0.07280419767753343,0.0010940747051815247,0.0,500251299.40454996,0.0,MCHP
2025-11-25,46.55,46.77,45.97,46.67,24006600,1.2876495362593543,0.027590519311321067,0.017141632740518626,57.39853819241543,0.10070754716981134,0.6,0.1880516692424511,0.42836664652909756,-0.0341473509933774,0.0008578168561013122,0.0,641802804.0,0.0,SLV
2025-11-26,47.31,48.45,47.15,48.4,26280300,1.3228174265265433,0.027330938564598003,0.03677685950413226,63.608239757898744,0.13348946135831374,0.6,0.1995835850528303,0.4695282628242079,0.0,0.037068780801371215,0.0,645719956.5,0.0,SLV
2025-11-28,49.67,51.27,49.58,51.21,41350000,1.4333304674889333,0.027989269039034044,0.056043741456746815,71.001916018418,0.1845940319222763,0.8,0.21305969533479246,0.5611783550297439,0.0,0.058057851239669445,0.0,647805484.5,0.0,SLV
2025-12-01,51.99,53.36,51.61,52.52,66064100,1.4845211483825809,0.028265825369051423,0.040936785986290906,73.68598764661117,0.1844835363103292,1.0,0.21108170947202567,0.5845053223033638,0.0,0.025580941222417497,0.0,650740709.5,0.0,SLV
2025-12-02,52.83,53.2,51.77,53.13,43952700,1.4806267806409679,0.027867998882758663,0.026915113871635605,74.853202242815,0.20722563053851406,1.0,0.2182202954542422,0.5896343203660954,0.0,0.011614623000761659,0.0,652100645.5,0.0,SLV
2025-12-03,52.99,53.39,52.42,53.07,33817700,1.4441534391666129,0.027212237406568925,0.01827774637271526,74.50314076997985,0.21275137111517384,0.8,0.23052868579651206,0.6270332499597646,-0.0011293054771316369,-0.0011293054771316369,0.0,653540732.0,0.0,SLV
2025-12-04,52.28,52.36,51.14,51.76,48740300,1.4788567649404263,0.028571421270100972,0.03728748068006182,67.12230530804985,0.2110435189518014,0.6,0.20199655024282498,0.6331300920193034,-0.025785808394504173,-0.024684379121914457,0.0,659369198.0,0.0,SLV
2025-12-05,52.71,53.82,52.53,52.95,43566000,1.5203669960161104,0.028713257715129562,0.03890462700661005,70.02712813490173,0.21305841924398639,0.6,0.2119996713229196,0.6368782978378956,-0.0033879164313946886,0.02299072642967559,0.0,664306013.5,0.0,SLV
2025-12-08,52.89,52.97,52.26,52.71,19711200,1.4624836391578169,0.02774584783073073,0.013469929804591175,68.70863290873629,0.21033295063145818,0.4,0.21945977032809713,0.6512377911878731,-0.007905138339921014,-0.004532577903682777,0.0,673351442.5,0.0,SLV
2025-12-09,53.39,55.19,53.36,55.17,59738900,1.5351633792179726,0.027826053638172425,0.044951966648540814,74.09303344607228,0.2561475409836065,0.4,0.24380594797175606,0.6325457073987026,0.0,0.04667046101309058,0.0,683057499.0,0.0,SLV
2025-12-10,55.13,56.22,54.48,56.07,54915000,1.549794566416689,0.02764035253106276,0.031032637774210843,75.73790931305922,0.2245031666302686,0.6,0.24916613445308106,0.6446985346700811,0.0,0.01631321370309946,0.0,684533028.0,0.0,SLV
2025-12-11,56.77,58.3,56.47,57.62,67910900,1.5983806688154967,0.02774003243345187,0.03870183963901418,78.29396828680035,0.24047362755651225,0.8,0.25516962918539204,0.6558385514268189,0.0,0.027644016408061356,0.0,684533028.0,0.0,SLV
2025-12-12,58.53,58.56,55.13,56.1,78667400,1.7292106210429612,0.030823718735168648,0.06114081996434937,70.45512778183371,0.16100993377483452,0.6,0.23906031216230475,0.7317997419332217,-0.026379729260673335,-0.026379729260673335,0.0,684533028.0,0.0,SLV
2025-12-15,57.84,58.2,57.02,58.11,43227800,1.7556955766827498,0.03021331228158234,0.036138358286009316,74.14198157810054,0.22543230704344164,0.8,0.26270879256476243,0.7098363479827425,0.0,0.03582887700534765,0.0,689601304.5,0.0,SLV
2025-12-16,57.61,57.99,57.1,57.73,32461300,1.7024316069196963,0.029489548015238114,0.017495236445522224,72.30496059844855,0.2560922541340296,0.6,0.27564029145426144,0.7068285710872597,-0.006539321975563617,-0.006539321975563617,0.0,689601304.5,0.0,SLV
2025-12-17,59.27,60.64,59.05,60.26,65128000,1.7886864921397183,0.02968281599966343,0.04829074012612021,76.48284416096072,0.3252694084011436,0.6,0.3024089250441538,0.5802880470719708,0.0,0.043824701195219085,0.0,695435716.5,0.0,SLV
2025-12-18,59.82,60.03,58.58,59.32,47603400,1.7809231712725955,0.030022305651931817,0.02832097100472016,72.12915702050697,0.2867678958785249,0.4,0.27006944062749977,0.5086570477032609,-0.015599070693660733,-0.015599070693660733,0.0,696927192.0,0.0,SLV
2025-11-25,102.105,105.878,101.816,103.867,3029666,2.8801045511435515,0.027728773827525116,0.04447995994878069,56.37987265738038,0.014980358434147023,0.6,-0.08183022050964288,0.32968530673460344,0.0,0.025765865413103217,0.0,297886344.56825,0.0,DG
2025-11-26,104.285,108.786,104.076,108.308,3131699,3.0257399403475835,0.027936439970709305,0.04541677438416365,65.06759343209195,0.06721057869480829,0.8,-0.050401896846974485,0.39338524480808995,0.0,0.04275660219318933,0.0,298085203.15024996,0.0,DG
2025-11-28,108.189,109.314,108.039,109.025,1386287,2.900687087465613,0.02660570591575889,0.011694565466636013,66.23678528778979,0.09588614243052018,0.8,-0.03273063756954998,0.35556008007516504,0.0,0.0066200096022455135,0.0,297886344.56825,0.0,DG
2025-12-01,108.686,110.598,107.82,108.876,3335464,2.8919237240752125,0.02656162720962574,0.025515265072192272,65.74432935821017,0.09801516986680747,0.6,-0.04997968930881168,0.3967023772198667,-0.0013666590231597997,-0.0013666590231597997,0.0,298085203.15024996,0.0,DG
2025-12-02,109.055,110.041,107.93,109.563,3578296,2.8361434580698397,0.02588596020618128,0.019267453428620886,66.96391377804898,0.11524719821663054,0.8,-0.035767247620542716,0.40868862781040527,0.0,0.006309930563209498,0.0,298620378.53909993,0.0,DG
2025-12-03,110.329,111.395,109.423,109.423,5496040,2.7744189253505653,0.02535498867103411,0.018021805287736527,66.4447598891221,0.10809447811011363,0.6,-0.02319065302196103,0.43695741841341534,-0.001277803638089492,-0.001277803638089492,0.0,299233790.6149,0.0,DG
2025-12-04,115.258,124.907,114.133,124.758,14250318,3.6822461449683814,0.029515110413507604,0.12411228137674533,82.47333654540043,0.2557890933029212,0.6,0.0632393985385919,0.4376954854004333,0.0,0.1401442109976878,0.0,299532435.4605,0.0,DG
2025-12-05,124.658,134.506,123.712,131.808,12394838,4.190228563184926,0.03179039635822504,0.08189184268026219,85.82554487626538,0.31567231965503106,0.6,0.09870863240039215,0.4551544039437372,0.0,0.05650940220266443,0.0,299532435.4605,0.0,DG
2025-12-08,132.515,132.525,122.179,123.742,6788629,4.629926522957431,0.0374159664702157,0.08360944545910041,69.45725970634862,0.2952855883750678,0.6,0.08634992908987657,0.5388833598196762,-0.061195071619325025,-0.061195071619325025,0.0,299532435.4605,0.0,DG
2025-12-09,124.439,128.004,123.543,125.007,4103727,4.6178603427461855,0.036940814056382325,0.03568600158391117,70.4103699560086,0.26527096537805206,0.6,0.08385426903031577,0.5271718479156274,-0.051597778587035625,0.010222883095472923,0.0,299532435.4605,0.0,DG
2025-12-10,126.003,126.092,123.334,125.355,2951936,4.485013175407173,0.035778494478937196,0.022001515695424956,70.68142123208885,0.2538810245904919,0.8,0.09289000808260853,0.5574588873288603,-0.04895757465404216,0.0027838441047300932,0.0,299532435.4605,0.0,DG
2025-12-11,125.714,132.146,125.614,132.117,4226750,4.649726520020946,0.03519400622191653,0.05140140935685781,75.39741541236403,0.2749160458563322,0.8,0.1257630690481753,0.5743343411058638,0.0,0.053942802441067306,0.0,299739488.23749995,0.0,DG
2025-12-12,131.937,132.744,130.225,132.644,4612388,4.497531768590878,0.033906786349860364,0.018990681825035473,75.72513865011412,0.2782869312980043,0.8,0.13662329413577856,0.5623039966607118,0.0,0.003988888636587307,0.0,300040949.1,0.0,DG
2025-12-15,133.73,134.994,131.469,132.365,4581054,4.42806521369153,0.033453444745148116,0.026630906961810186,75.15437143212803,0.27583182326406286,0.8,0.13720897672442833,0.5620082387844925,-0.0021033744458851533,-0.0021033744458851533,0.0,300264854.1655,0.0,DG
2025-12-16,132.375,135.104,132.236,133.939,6173918,4.316631984142137,0.03222834263464814,0.02141273266188357,76.24231955910756,0.2896482663662536,0.8,0.13443686228834342,0.5610180557244066,0.0,0.011891361009330081,0.0,301228591.84099996,0.0,DG
2025-12-17,133.62,137.016,132.933,136.388,3781760,4.299943985274841,0.03152728968292549,0.029936651318297786,77.86630057760921,0.32786821403536104,0.8,0.1489390032624507,0.5000787159696631,0.0,0.018284442918044874,0.0,302598463.6655,0.0,DG
2025-12-18,135.373,137.314,135.084,136.1,4353889,4.1520908434694945,0.03050764763754221,0.016385011021307787,77.19800074615668,0.3227590362616748,0.6,0.17722977268130935,0.5425650642080504,-0.002111622723406814,-0.002111622723406814,0.0,305852379.51124996,0.0,DG
2025-11-25,99.5346,99.5444,99.5247,99.5346,1548095,0.025563959530327984,0.00025683490495092144,0.0001979211249153588,95.68748273752479,0.003788868170179427,0.6,-0.07536773086591879,0.0040306875822466665,0.0,9.947279419075805e-05,0.0,115897034.9338,0.0,MINT
2025-11-26,99.5543,99.5741,99.5445,99.5741,1299967,0.02655939099244769,0.0002667299126223354,0.00039668950058302174,96.29070924015551,0.003887547447536832,0.8,-0.08155380599514571,0.004341668527425098,0.0,0.00039684692559172063,0.0,116003831.21265,0.0,MINT
2025-11-28,99.5741,99.584,99.5741,99.584,961078,0.02536943449298727,0.000254754122077716,9.941356041132908e-05,96.42565786712295,0.003787993331196393,1.0,-0.10566060075826861,0.004508156200241446,0.0,9.942344445001972e-05,0.0,116003831.21265,0.0,MINT
2025-12-01,99.6039,99.6138,99.594,99.6039,1855880,0.0256859034577735,0.00025788049923520563,0.0002991850720704159,96.68660546831278,0.003988581589021711,1.0,-0.11185956471564701,0.004351757047905325,0.0,0.00019983129820033696,0.0,116572871.2871,0.0,MINT
2025-12-02,99.6138,99.6237,99.6039,99.6138,1168107,0.025265481782218508,0.00025363435369615963,0.00019876764062814182,96.8113249379171,0.0036897617675388794,1.0,-0.1045950444978201,0.004565085331854386,0.0,9.93936984394761e-05,0.0,116699844.7351,0.0,MINT
2025-12-03,99.6237,99.6337,99.6237,99.6237,1539383,0.02488223308348911,0.0002497621859405855,0.00019975166551741114,96.93554700497897,0.003489216568137943,1.0,-0.09531902923456542,0.0045243838633783375,0.0,9.938382031404736e-05,0.0,117139638.06205,0.0,MINT
2025-12-04,99.6436,99.6436,99.6237,99.6337,1758202,0.024526359291811812,0.000246165296398827,0.00019973161691282077,97.06013201844506,0.003489875834951528,1.0,-0.10262331688824872,0.0042571481641485425,0.0,0.00010037772136550771,0.0,117139638.06205,0.0,MINT
2025-12-05,99.6635,99.6734,99.6535,99.6734,1414617,0.025610190770967847,0.0002569410772680359,0.0003983008505779505,97.49545950337414,0.003789637361010456,1.0,-0.101886739028474,0.0041420258202132625,0.0,0.00039845955735851035,0.0,117334739.64005,0.0,MINT
2025-12-08,99.6833,99.6833,99.6635,99.6635,1377762,0.0251951771444704,0.0002528024516946565,0.00019866851956838353,93.76668439993863,0.0034898390908293386,0.8,-0.09109087949620111,0.004446450904121858,-9.932439346904687e-05,-9.932439346904687e-05,0.0,117695206.80505,0.0,MINT
2025-12-09,99.6734,99.6833,99.6734,99.6734,877792,0.02480980734843706,0.0002489110168654532,0.000198648786938176,94.01326369818305,0.003389482437004654,0.8,-0.08330555180469636,0.004521539085919003,0.0,9.933425978414512e-05,0.0,117695206.80505,0.0,MINT
2025-12-10,99.6833,99.7131,99.6833,99.7032,1485207,0.02587339253783415,0.0002595041336470058,0.0003981818035930271,94.69371051684692,0.00338947571815007,0.8,-0.07986729060732742,0.0046963650241665725,0.0,0.0002989764571088571,0.0,118622075.12905,0.0,MINT
2025-12-11,99.733,99.7429,99.7231,99.733,1133063,0.026861007356561033,0.0002693291824828395,0.00039806282775019805,95.2723808588501,0.0036893758856113568,0.8,-0.08584139507501914,0.004851750233902822,0.0,0.0002988870969036217,0.0,117695206.80505,0.0,MINT
2025-12-12,99.7727,99.7727,99.7528,99.7628,1048778,0.027778078259663552,0.0002784412452303219,0.00039794392298528406,95.76925031414872,0.0038902674885938904,0.8,-0.05069138478717496,0.00465763993771101,0.0,0.0002987977900994476,0.0,117334739.64005,0.0,MINT
2025-12-15,99.7727,99.7826,99.7628,99.7727,1239603,0.0272082155268307,0.00027270200693005906,0.0001984510793032923,95.92256728641672,0.0037898909412854564,1.0,-0.050620041037572325,0.004711435807756867,0.0,9.923538633649365e-05,0.0,118357183.8736,0.0,MINT
2025-12-16,99.7926,99.8025,99.7826,99.8025,1195497,0.027393342989199546,0.0002744755190421036,0.00029858971468645074,96.35120300441625,0.0037897646182021294,1.0,-0.04709325171734582,0.004557054354656247,0.0,0.0002986788971330867,0.0,119298820.77005,0.0,MINT
2025-12-17,99.8025,99.8223,99.8025,99.8124,1807041,0.026850961347114122,0.0002690142842684288,0.0001983721461462062,96.48346060977747,0.0037893873019321234,1.0,-0.015095802541883065,0.004513511944704247,0.0,9.919591192608657e-05,0.0,119554054.90799999,0.0,MINT
2025-12-18,99.8224,99.8323,99.8224,99.8224,1378567,0.026354464108035037,0.00026401352910804623,0.00019935405279783807,96.61685603071888,0.0035901967821945213,1.0,-0.02085794183193496,0.0040750484126193575,0.0,0.00010018795259902902,0.0,119993155.47060001,0.0,MINT
2025-11-25,666.66,674.218,662.522,673.031,81316678,9.902685716663193,0.014713565521741485,0.017378099968649162,53.872506252371814,-0.014914646944400256,0.8,0.0,1.0000000000000082,-0.01799625017326545,0.009405183274341589,0.0,40854070628.694496,0.0,SPY
2025-11-26,675.634,679.692,674.726,677.678,72091994,9.671136736901541,0.014270991144616678,0.009829151898099183,56.83965535273541,-0.010741041346732039,0.8,0.0,1.0000000000000084,-0.01121592144331851,0.006904585375710814,0.0,40910962508.8295,0.0,SPY
2025-11-28,678.854,681.656,678.495,681.377,49357418,9.264484112837142,0.013596708008689964,0.005838177690177321,59.09519359774067,-0.005818797283199562,1.0,0.0,1.0000000000000082,0.0,0.005458344523505243,0.0,40910962508.8295,0.0,SPY
2025-12-01,676.81,680.978,676.74,678.266,61382043,8.933949533348772,0.013171749038502257,0.006836550851730654,56.424445343327676,0.0006476578832061985,0.8,0.0,1.0000000000000084,-0.004565754347446438,-0.004565754347446438,0.0,41031556610.485,0.0,SPY
2025-12-02,679.911,681.805,677.329,679.522,63139823,8.615524566681001,0.012678801520305451,0.006586983202898506,57.264189612923964,-0.0007778828352579259,0.8,0.0,1.0000000000000084,-0.002722428259245513,0.0018517808647346978,0.0,41141626696.647,0.0,SPY
2025-12-03,678.565,682.892,677.687,681.875,57407635,8.371915669060934,0.012277786499081114,0.007633363886342865,58.863555569687115,0.000804312760245729,0.8,0.0,1.0000000000000087,0.0,0.003462728211889976,0.0,41141626696.647,0.0,SPY
2025-12-04,683.281,683.351,679.333,682.374,62153417,8.060921692699441,0.011813055146736893,0.005888266551773704,59.21217353876652,0.013550666838965109,0.8,0.0,1.0000000000000087,0.0,0.0007318056828597985,0.0,41220730396.73399,0.0,SPY
2025-12-05,683.45,686.362,682.563,683.67,79475152,7.7699987146494776,0.011365130420596893,0.005833223631284016,60.15660085209335,0.011968903940886788,0.8,0.0,1.0000000000000089,0.0,0.001899251729989615,0.0,41262529087.835,0.0,SPY
2025-12-08,684.567,684.617,679.562,681.616,55394702,7.576070235031655,0.011114865606194185,0.007416199150254615,57.86958859719699,0.019871770893339358,0.8,0.0,1.0000000000000087,-0.003004373455029463,-0.003004373455029463,0.0,41262529087.835,0.0,SPY
2025-12-09,681.137,683.371,680.579,681.028,58482402,7.234350932529397,0.010622692359975502,0.004099684594466057,57.19918457527906,0.01798972485511796,0.6,0.0,1.0000000000000087,-0.003864437521026165,-0.0008626558062017065,0.0,41262529087.835,0.0,SPY
2025-12-10,680.549,686.94,679.303,685.544,85924447,7.263111580205873,0.010594668730534981,0.011140058114431835,60.94167833157518,0.008995749390667385,0.6,0.0,1.0000000000000087,0.0,0.0066311517294441735,0.0,41277080659.128006,0.0,SPY
2025-12-11,683.121,687.219,680.16,687.14,86428338,7.248532181619745,0.01054884329484493,0.01027301568821504,62.19964338245985,0.00903393305021516,0.6,0.0,1.0000000000000087,0.0,0.00232807813940461,0.0,41302882552.29201,0.0,SPY
2025-12-12,686.142,686.85,677.169,679.751,113494678,7.442994168646907,0.010949589141681156,0.014668606592708218,53.593568236889205,-0.0023717027681117164,0.4,0.0,1.0000000000000084,-0.010753267165352076,-0.010753267165352076,0.0,41424811473.310005,0.0,SPY
2025-12-15,683.72,683.74,677.249,678.724,91079336,7.374994585172127,0.010865969945327006,0.009563533925424746,52.506149356505745,0.01293018535653534,0.4,0.0,1.0000000000000087,-0.012247867974502946,-0.00151084735439877,0.0,41566731947.808,0.0,SPY
2025-12-16,677.229,679.073,672.991,676.87,122391184,7.282637829088403,0.010759285873341119,0.008985477270376872,50.51356734296873,0.010329129039480467,0.4,0.0,1.0000000000000084,-0.0149460080915097,-0.0027315963484421113,0.0,41617598334.468994,0.0,SPY
2025-12-17,677.887,678.435,669.223,669.422,110952088,7.420449412724945,0.011084860391091038,0.013761125269262122,43.38982002570218,0.008607688007846948,0.2,0.0,1.000000000000008,-0.025785138399743834,-0.011003590054220136,0.0,41838351514.209,0.0,SPY
2025-12-18,675.604,678.734,672.912,674.477,108971155,7.555560168958879,0.011202102027139367,0.013806252844796802,48.67981053290937,0.024830771802137885,0.2,0.0,1.0000000000000082,-0.018428558954507124,0.007551290516295994,0.0,42062148120.326004,0.0,SPY
