actual_selection_date_used,average_return,filter_max_debt_eq,filter_min_avg_volume_m,filter_min_price,filter_min_roe_pct,inv_vol_col_name,log_file,n_select_actual,n_select_requested,num_attempted_trades,num_failed_or_skipped_trades,num_selected_tickers,num_successful_trades,portfolio_return,portfolio_return_normalized,run_timestamp,scheme,score_weight_change,score_weight_rel_volume,score_weight_rsi,score_weight_volatility,selection_date,sharpe_ratio_period,std_dev_return,total_weight_traded,win_rate
2025-09-03,-0.005415,1.500000,2.000000,10.000000,5.000000,ATR/Price %,backtest_run_20250905_153151.log,10,10,10,0,10,10,-0.005415,-0.005415,2025-09-05 15:31:51,EW,0.350000,0.200000,0.350000,0.100000,2025-09-03,-0.268936,0.020727,1.000000,0.400000
2025-09-03,-0.005415,1.500000,2.000000,10.000000,5.000000,ATR/Price %,backtest_run_20250905_153151.log,10,10,10,0,10,10,-0.004754,-0.004754,2025-09-05 15:31:51,IV,0.350000,0.200000,0.350000,0.100000,2025-09-03,-0.268936,0.020727,1.000000,0.400000
2025-09-03,-0.005415,1.500000,2.000000,10.000000,5.000000,ATR/Price %,backtest_run_20250905_153151.log,10,10,10,0,10,10,-0.005561,-0.005561,2025-09-05 15:31:51,SW,0.350000,0.200000,0.350000,0.100000,2025-09-03,-0.268936,0.020727,1.000000,0.400000
2025-09-02,0.011665,1.500000,2.000000,10.000000,5.000000,ATR/Price %,backtest_run_20250905_153151.log,10,10,10,0,10,10,0.011665,0.011665,2025-09-05 15:31:51,EW,0.350000,0.200000,0.350000,0.100000,2025-09-02,0.853808,0.013477,1.000000,0.800000
2025-09-02,0.011665,1.500000,2.000000,10.000000,5.000000,ATR/Price %,backtest_run_20250905_153151.log,10,10,10,0,10,10,0.009500,0.009500,2025-09-05 15:31:51,IV,0.350000,0.200000,0.350000,0.100000,2025-09-02,0.853808,0.013477,1.000000,0.800000
2025-09-02,0.011665,1.500000,2.000000,10.000000,5.000000,ATR/Price %,backtest_run_20250905_153151.log,10,10,10,0,10,10,0.011970,0.011970,2025-09-05 15:31:51,SW,0.350000,0.200000,0.350000,0.100000,2025-09-02,0.853808,0.013477,1.000000,0.800000
2025-08-29,0.008791,1.500000,2.000000,10.000000,5.000000,ATR/Price %,backtest_run_20250905_153151.log,10,10,9,1,10,9,0.007912,0.008791,2025-09-05 15:31:51,EW,0.350000,0.200000,0.350000,0.100000,2025-08-29,0.422048,0.020454,0.900000,0.666667
2025-08-29,0.008791,1.500000,2.000000,10.000000,5.000000,ATR/Price %,backtest_run_20250905_153151.log,10,10,9,1,10,9,0.006632,0.007600,2025-09-05 15:31:51,IV,0.350000,0.200000,0.350000,0.100000,2025-08-29,0.422048,0.020454,0.872679,0.666667
2025-08-29,0.008791,1.500000,2.000000,10.000000,5.000000,ATR/Price %,backtest_run_20250905_153151.log,10,10,9,1,10,9,0.007689,0.009328,2025-09-05 15:31:51,SW,0.350000,0.200000,0.350000,0.100000,2025-08-29,0.422048,0.020454,0.824328,0.666667
2025-08-28,-0.007865,1.500000,2.000000,10.000000,5.000000,ATR/Price %,backtest_run_20250905_153151.log,10,10,9,1,10,9,-0.007078,-0.007865,2025-09-05 15:31:51,EW,0.350000,0.200000,0.350000,0.100000,2025-08-28,-0.492283,0.016298,0.900000,0.333333
2025-08-28,-0.007865,1.500000,2.000000,10.000000,5.000000,ATR/Price %,backtest_run_20250905_153151.log,10,10,9,1,10,9,-0.005849,-0.006168,2025-09-05 15:31:51,IV,0.350000,0.200000,0.350000,0.100000,2025-08-28,-0.492283,0.016298,0.948191,0.333333
2025-08-28,-0.007865,1.500000,2.000000,10.000000,5.000000,ATR/Price %,backtest_run_20250905_153151.log,10,10,9,1,10,9,-0.011361,-0.013634,2025-09-05 15:31:51,SW,0.350000,0.200000,0.350000,0.100000,2025-08-28,-0.492283,0.016298,0.833247,0.333333
2025-08-26,-0.010409,1.500000,2.000000,10.000000,5.000000,ATR/Price %,backtest_run_20250905_153151.log,10,10,9,1,10,9,-0.009368,-0.010409,2025-09-05 15:31:51,EW,0.350000,0.200000,0.350000,0.100000,2025-08-26,-0.572896,0.018447,0.900000,0.333333
2025-08-26,-0.010409,1.500000,2.000000,10.000000,5.000000,ATR/Price %,backtest_run_20250905_153151.log,10,10,9,1,10,9,-0.008161,-0.008685,2025-09-05 15:31:51,IV,0.350000,0.200000,0.350000,0.100000,2025-08-26,-0.572896,0.018447,0.939629,0.333333
2025-08-26,-0.010409,1.500000,2.000000,10.000000,5.000000,ATR/Price %,backtest_run_20250905_153151.log,10,10,9,1,10,9,-0.009849,-0.010657,2025-09-05 15:31:51,SW,0.350000,0.200000,0.350000,0.100000,2025-08-26,-0.572896,0.018447,0.924123,0.333333
2025-08-25,0.006420,1.500000,2.000000,10.000000,5.000000,ATR/Price %,backtest_run_20250905_153151.log,10,10,10,0,10,10,0.006420,0.006420,2025-09-05 15:31:51,EW,0.350000,0.200000,0.350000,0.100000,2025-08-25,0.435687,0.014372,1.000000,0.800000
2025-08-25,0.006420,1.500000,2.000000,10.000000,5.000000,ATR/Price %,backtest_run_20250905_153151.log,10,10,10,0,10,10,0.007035,0.007035,2025-09-05 15:31:51,IV,0.350000,0.200000,0.350000,0.100000,2025-08-25,0.435687,0.014372,1.000000,0.800000
2025-08-25,0.006420,1.500000,2.000000,10.000000,5.000000,ATR/Price %,backtest_run_20250905_153151.log,10,10,10,0,10,10,0.010945,0.010945,2025-09-05 15:31:51,SW,0.350000,0.200000,0.350000,0.100000,2025-08-25,0.435687,0.014372,1.000000,0.800000
2025-08-22,0.002816,1.500000,2.000000,10.000000,5.000000,ATR/Price %,backtest_run_20250905_153151.log,10,10,10,0,10,10,0.002816,0.002816,2025-09-05 15:31:51,EW,0.350000,0.200000,0.350000,0.100000,2025-08-22,0.232069,0.011450,1.000000,0.500000
2025-08-22,0.002816,1.500000,2.000000,10.000000,5.000000,ATR/Price %,backtest_run_20250905_153151.log,10,10,10,0,10,10,-0.000617,-0.000617,2025-09-05 15:31:51,IV,0.350000,0.200000,0.350000,0.100000,2025-08-22,0.232069,0.011450,1.000000,0.500000
2025-08-22,0.002816,1.500000,2.000000,10.000000,5.000000,ATR/Price %,backtest_run_20250905_153151.log,10,10,10,0,10,10,0.001986,0.001986,2025-09-05 15:31:51,SW,0.350000,0.200000,0.350000,0.100000,2025-08-22,0.232069,0.011450,1.000000,0.500000
2025-08-21,-0.015552,1.500000,2.000000,10.000000,5.000000,ATR/Price %,backtest_run_20250905_153151.log,10,10,10,0,10,10,-0.015552,-0.015552,2025-09-05 15:31:51,EW,0.350000,0.200000,0.350000,0.100000,2025-08-21,-1.857266,0.008459,1.000000,0.000000
2025-08-21,-0.015552,1.500000,2.000000,10.000000,5.000000,ATR/Price %,backtest_run_20250905_153151.log,10,10,10,0,10,10,-0.014917,-0.014917,2025-09-05 15:31:51,IV,0.350000,0.200000,0.350000,0.100000,2025-08-21,-1.857266,0.008459,1.000000,0.000000
2025-08-21,-0.015552,1.500000,2.000000,10.000000,5.000000,ATR/Price %,backtest_run_20250905_153151.log,10,10,10,0,10,10,-0.015679,-0.015679,2025-09-05 15:31:51,SW,0.350000,0.200000,0.350000,0.100000,2025-08-21,-1.857266,0.008459,1.000000,0.000000
2025-08-19,-0.001838,1.500000,2.000000,10.000000,5.000000,ATR/Price %,backtest_run_20250905_153151.log,10,10,10,0,10,10,-0.001838,-0.001838,2025-09-05 15:31:51,EW,0.350000,0.200000,0.350000,0.100000,2025-08-19,-0.094086,0.021223,1.000000,0.400000
2025-08-19,-0.001838,1.500000,2.000000,10.000000,5.000000,ATR/Price %,backtest_run_20250905_153151.log,10,10,10,0,10,10,-0.003709,-0.003709,2025-09-05 15:31:51,IV,0.350000,0.200000,0.350000,0.100000,2025-08-19,-0.094086,0.021223,1.000000,0.400000
2025-08-19,-0.001838,1.500000,2.000000,10.000000,5.000000,ATR/Price %,backtest_run_20250905_153151.log,10,10,10,0,10,10,-0.002490,-0.002490,2025-09-05 15:31:51,SW,0.350000,0.200000,0.350000,0.100000,2025-08-19,-0.094086,0.021223,1.000000,0.400000
2025-08-18,0.007325,1.500000,2.000000,10.000000,5.000000,ATR/Price %,backtest_run_20250905_153151.log,10,10,9,1,10,9,0.006593,0.007325,2025-09-05 15:31:51,EW,0.350000,0.200000,0.350000,0.100000,2025-08-18,0.599552,0.011953,0.900000,0.777778
2025-08-18,0.007325,1.500000,2.000000,10.000000,5.000000,ATR/Price %,backtest_run_20250905_153151.log,10,10,9,1,10,9,0.005992,0.007183,2025-09-05 15:31:51,IV,0.350000,0.200000,0.350000,0.100000,2025-08-18,0.599552,0.011953,0.834075,0.777778
2025-08-18,0.007325,1.500000,2.000000,10.000000,5.000000,ATR/Price %,backtest_run_20250905_153151.log,10,10,9,1,10,9,0.008413,0.009252,2025-09-05 15:31:51,SW,0.350000,0.200000,0.350000,0.100000,2025-08-18,0.599552,0.011953,0.909264,0.777778
2025-08-15,0.001764,1.500000,2.000000,10.000000,5.000000,ATR/Price %,backtest_run_20250905_153151.log,10,10,10,0,10,10,0.001764,0.001764,2025-09-05 15:31:51,EW,0.350000,0.200000,0.350000,0.100000,2025-08-15,0.185056,0.008677,1.000000,0.500000
2025-08-15,0.001764,1.500000,2.000000,10.000000,5.000000,ATR/Price %,backtest_run_20250905_153151.log,10,10,10,0,10,10,0.003158,0.003158,2025-09-05 15:31:51,IV,0.350000,0.200000,0.350000,0.100000,2025-08-15,0.185056,0.008677,1.000000,0.500000
2025-08-15,0.001764,1.500000,2.000000,10.000000,5.000000,ATR/Price %,backtest_run_20250905_153151.log,10,10,10,0,10,10,-0.000216,-0.000216,2025-09-05 15:31:51,SW,0.350000,0.200000,0.350000,0.100000,2025-08-15,0.185056,0.008677,1.000000,0.500000
2025-08-14,0.011792,1.500000,2.000000,10.000000,5.000000,ATR/Price %,backtest_run_20250905_153151.log,10,10,10,0,10,10,0.011792,0.011792,2025-09-05 15:31:51,EW,0.350000,0.200000,0.350000,0.100000,2025-08-14,0.527556,0.022050,1.000000,0.500000
2025-08-14,0.011792,1.500000,2.000000,10.000000,5.000000,ATR/Price %,backtest_run_20250905_153151.log,10,10,10,0,10,10,0.009339,0.009339,2025-09-05 15:31:51,IV,0.350000,0.200000,0.350000,0.100000,2025-08-14,0.527556,0.022050,1.000000,0.500000
2025-08-14,0.011792,1.500000,2.000000,10.000000,5.000000,ATR/Price %,backtest_run_20250905_153151.log,10,10,10,0,10,10,0.013247,0.013247,2025-09-05 15:31:51,SW,0.350000,0.200000,0.350000,0.100000,2025-08-14,0.527556,0.022050,1.000000,0.500000
2025-08-13,0.003599,1.500000,2.000000,10.000000,5.000000,ATR/Price %,backtest_run_20250905_153151.log,10,10,9,1,10,9,0.003239,0.003599,2025-09-05 15:31:51,EW,0.350000,0.200000,0.350000,0.100000,2025-08-13,0.216557,0.015887,0.900000,0.555556
2025-08-13,0.003599,1.500000,2.000000,10.000000,5.000000,ATR/Price %,backtest_run_20250905_153151.log,10,10,9,1,10,9,0.000256,0.000312,2025-09-05 15:31:51,IV,0.350000,0.200000,0.350000,0.100000,2025-08-13,0.216557,0.015887,0.818564,0.555556
2025-08-13,0.003599,1.500000,2.000000,10.000000,5.000000,ATR/Price %,backtest_run_20250905_153151.log,10,10,9,1,10,9,0.006581,0.006949,2025-09-05 15:31:51,SW,0.350000,0.200000,0.350000,0.100000,2025-08-13,0.216557,0.015887,0.946933,0.555556
2025-08-12,-0.006263,1.500000,2.000000,10.000000,5.000000,ATR/Price %,backtest_run_20250905_153151.log,10,10,9,1,10,9,-0.005636,-0.006263,2025-09-05 15:31:51,EW,0.350000,0.200000,0.350000,0.100000,2025-08-12,-0.936230,0.006859,0.900000,0.222222
2025-08-12,-0.006263,1.500000,2.000000,10.000000,5.000000,ATR/Price %,backtest_run_20250905_153151.log,10,10,9,1,10,9,-0.005223,-0.006103,2025-09-05 15:31:51,IV,0.350000,0.200000,0.350000,0.100000,2025-08-12,-0.936230,0.006859,0.855731,0.222222
2025-08-12,-0.006263,1.500000,2.000000,10.000000,5.000000,ATR/Price %,backtest_run_20250905_153151.log,10,10,9,1,10,9,-0.005854,-0.006392,2025-09-05 15:31:51,SW,0.350000,0.200000,0.350000,0.100000,2025-08-12,-0.936230,0.006859,0.915724,0.222222
2025-08-11,0.021546,1.500000,2.000000,10.000000,5.000000,ATR/Price %,backtest_run_20250905_153151.log,10,10,10,0,10,10,0.021546,0.021546,2025-09-05 15:31:51,EW,0.350000,0.200000,0.350000,0.100000,2025-08-11,0.918869,0.023275,1.000000,0.900000
2025-08-11,0.021546,1.500000,2.000000,10.000000,5.000000,ATR/Price %,backtest_run_20250905_153151.log,10,10,10,0,10,10,0.022449,0.022449,2025-09-05 15:31:51,IV,0.350000,0.200000,0.350000,0.100000,2025-08-11,0.918869,0.023275,1.000000,0.900000
2025-08-11,0.021546,1.500000,2.000000,10.000000,5.000000,ATR/Price %,backtest_run_20250905_153151.log,10,10,10,0,10,10,0.023765,0.023765,2025-09-05 15:31:51,SW,0.350000,0.200000,0.350000,0.100000,2025-08-11,0.918869,0.023275,1.000000,0.900000
2025-08-08,0.018177,1.500000,2.000000,10.000000,5.000000,ATR/Price %,backtest_run_20250905_153151.log,10,10,9,1,10,9,0.016360,0.018177,2025-09-05 15:31:51,EW,0.350000,0.200000,0.350000,0.100000,2025-08-08,0.996432,0.018083,0.900000,0.777778
2025-08-08,0.018177,1.500000,2.000000,10.000000,5.000000,ATR/Price %,backtest_run_20250905_153151.log,10,10,9,1,10,9,0.014362,0.015210,2025-09-05 15:31:51,IV,0.350000,0.200000,0.350000,0.100000,2025-08-08,0.996432,0.018083,0.944298,0.777778
2025-08-08,0.018177,1.500000,2.000000,10.000000,5.000000,ATR/Price %,backtest_run_20250905_153151.log,10,10,9,1,10,9,0.016529,0.017814,2025-09-05 15:31:51,SW,0.350000,0.200000,0.350000,0.100000,2025-08-08,0.996432,0.018083,0.927860,0.777778
2025-08-07,-0.002414,1.500000,2.000000,10.000000,5.000000,ATR/Price %,backtest_run_20250905_153151.log,10,10,10,0,10,10,-0.002414,-0.002414,2025-09-05 15:31:51,EW,0.350000,0.200000,0.350000,0.100000,2025-08-07,-0.182378,0.014106,1.000000,0.400000
2025-08-07,-0.002414,1.500000,2.000000,10.000000,5.000000,ATR/Price %,backtest_run_20250905_153151.log,10,10,10,0,10,10,-0.003788,-0.003788,2025-09-05 15:31:51,IV,0.350000,0.200000,0.350000,0.100000,2025-08-07,-0.182378,0.014106,1.000000,0.400000
2025-08-07,-0.002414,1.500000,2.000000,10.000000,5.000000,ATR/Price %,backtest_run_20250905_153151.log,10,10,10,0,10,10,0.000158,0.000158,2025-09-05 15:31:51,SW,0.350000,0.200000,0.350000,0.100000,2025-08-07,-0.182378,0.014106,1.000000,0.400000
2025-08-06,0.003900,1.500000,2.000000,10.000000,5.000000,ATR/Price %,backtest_run_20250905_153151.log,10,10,10,0,10,10,0.003900,0.003900,2025-09-05 15:31:51,EW,0.350000,0.200000,0.350000,0.100000,2025-08-06,0.223593,0.016732,1.000000,0.500000
2025-08-06,0.003900,1.500000,2.000000,10.000000,5.000000,ATR/Price %,backtest_run_20250905_153151.log,10,10,10,0,10,10,0.000549,0.000549,2025-09-05 15:31:51,IV,0.350000,0.200000,0.350000,0.100000,2025-08-06,0.223593,0.016732,1.000000,0.500000
2025-08-06,0.003900,1.500000,2.000000,10.000000,5.000000,ATR/Price %,backtest_run_20250905_153151.log,10,10,10,0,10,10,0.005654,0.005654,2025-09-05 15:31:51,SW,0.350000,0.200000,0.350000,0.100000,2025-08-06,0.223593,0.016732,1.000000,0.500000
2025-08-05,0.008983,1.500000,2.000000,10.000000,5.000000,ATR/Price %,backtest_run_20250905_153151.log,10,10,10,0,10,10,0.008983,0.008983,2025-09-05 15:31:51,EW,0.350000,0.200000,0.350000,0.100000,2025-08-05,0.314441,0.028062,1.000000,0.700000
2025-08-05,0.008983,1.500000,2.000000,10.000000,5.000000,ATR/Price %,backtest_run_20250905_153151.log,10,10,10,0,10,10,0.004567,0.004567,2025-09-05 15:31:51,IV,0.350000,0.200000,0.350000,0.100000,2025-08-05,0.314441,0.028062,1.000000,0.700000
2025-08-05,0.008983,1.500000,2.000000,10.000000,5.000000,ATR/Price %,backtest_run_20250905_153151.log,10,10,10,0,10,10,0.006946,0.006946,2025-09-05 15:31:51,SW,0.350000,0.200000,0.350000,0.100000,2025-08-05,0.314441,0.028062,1.000000,0.700000
2025-08-04,0.011872,1.500000,2.000000,10.000000,5.000000,ATR/Price %,backtest_run_20250905_153151.log,10,10,9,1,10,9,0.010685,0.011872,2025-09-05 15:31:51,EW,0.350000,0.200000,0.350000,0.100000,2025-08-04,0.774744,0.015119,0.900000,0.666667
2025-08-04,0.011872,1.500000,2.000000,10.000000,5.000000,ATR/Price %,backtest_run_20250905_153151.log,10,10,9,1,10,9,0.012159,0.012678,2025-09-05 15:31:51,IV,0.350000,0.200000,0.350000,0.100000,2025-08-04,0.774744,0.015119,0.959079,0.666667
2025-08-04,0.011872,1.500000,2.000000,10.000000,5.000000,ATR/Price %,backtest_run_20250905_153151.log,10,10,9,1,10,9,0.008517,0.009314,2025-09-05 15:31:51,SW,0.350000,0.200000,0.350000,0.100000,2025-08-04,0.774744,0.015119,0.914430,0.666667
2025-08-01,0.000178,1.500000,2.000000,10.000000,5.000000,ATR/Price %,backtest_run_20250905_153151.log,10,10,9,1,10,9,0.000160,0.000178,2025-09-05 15:31:51,EW,0.350000,0.200000,0.350000,0.100000,2025-08-01,0.000691,0.028100,0.900000,0.444444
2025-08-01,0.000178,1.500000,2.000000,10.000000,5.000000,ATR/Price %,backtest_run_20250905_153151.log,10,10,9,1,10,9,-0.000891,-0.000938,2025-09-05 15:31:51,IV,0.350000,0.200000,0.350000,0.100000,2025-08-01,0.000691,0.028100,0.949947,0.444444
2025-08-01,0.000178,1.500000,2.000000,10.000000,5.000000,ATR/Price %,backtest_run_20250905_153151.log,10,10,9,1,10,9,0.001053,0.001545,2025-09-05 15:31:51,SW,0.350000,0.200000,0.350000,0.100000,2025-08-01,0.000691,0.028100,0.681586,0.444444
2025-07-31,0.005492,1.500000,2.000000,10.000000,5.000000,ATR/Price %,backtest_run_20250905_153151.log,10,10,10,0,10,10,0.005492,0.005492,2025-09-05 15:31:51,EW,0.350000,0.200000,0.350000,0.100000,2025-07-31,0.277086,0.019246,1.000000,0.700000
2025-07-31,0.005492,1.500000,2.000000,10.000000,5.000000,ATR/Price %,backtest_run_20250905_153151.log,10,10,10,0,10,10,0.006505,0.006505,2025-09-05 15:31:51,IV,0.350000,0.200000,0.350000,0.100000,2025-07-31,0.277086,0.019246,1.000000,0.700000
2025-07-31,0.005492,1.500000,2.000000,10.000000,5.000000,ATR/Price %,backtest_run_20250905_153151.log,10,10,10,0,10,10,0.006175,0.006175,2025-09-05 15:31:51,SW,0.350000,0.200000,0.350000,0.100000,2025-07-31,0.277086,0.019246,1.000000,0.700000
2025-07-30,-0.011136,1.500000,2.000000,10.000000,5.000000,ATR/Price %,backtest_run_20250905_153151.log,10,10,10,0,10,10,-0.011136,-0.011136,2025-09-05 15:31:51,EW,0.350000,0.200000,0.350000,0.100000,2025-07-30,-0.554638,0.020365,1.000000,0.200000
2025-07-30,-0.011136,1.500000,2.000000,10.000000,5.000000,ATR/Price %,backtest_run_20250905_153151.log,10,10,10,0,10,10,-0.012654,-0.012654,2025-09-05 15:31:51,IV,0.350000,0.200000,0.350000,0.100000,2025-07-30,-0.554638,0.020365,1.000000,0.200000
2025-07-30,-0.011136,1.500000,2.000000,10.000000,5.000000,ATR/Price %,backtest_run_20250905_153151.log,10,10,10,0,10,10,-0.008750,-0.008750,2025-09-05 15:31:51,SW,0.350000,0.200000,0.350000,0.100000,2025-07-30,-0.554638,0.020365,1.000000,0.200000
2025-07-29,-0.022475,1.500000,2.000000,10.000000,5.000000,ATR/Price %,backtest_run_20250905_153151.log,10,10,10,0,10,10,-0.022475,-0.022475,2025-09-05 15:31:51,EW,0.350000,0.200000,0.350000,0.100000,2025-07-29,-0.944266,0.023969,1.000000,0.200000
2025-07-29,-0.022475,1.500000,2.000000,10.000000,5.000000,ATR/Price %,backtest_run_20250905_153151.log,10,10,10,0,10,10,-0.018259,-0.018259,2025-09-05 15:31:51,IV,0.350000,0.200000,0.350000,0.100000,2025-07-29,-0.944266,0.023969,1.000000,0.200000
2025-07-29,-0.022475,1.500000,2.000000,10.000000,5.000000,ATR/Price %,backtest_run_20250905_153151.log,10,10,10,0,10,10,-0.027501,-0.027501,2025-09-05 15:31:51,SW,0.350000,0.200000,0.350000,0.100000,2025-07-29,-0.944266,0.023969,1.000000,0.200000
2025-07-28,-0.007438,1.500000,2.000000,10.000000,5.000000,ATR/Price %,backtest_run_20250905_153151.log,10,10,10,0,10,10,-0.007438,-0.007438,2025-09-05 15:31:51,EW,0.350000,0.200000,0.350000,0.100000,2025-07-28,-0.854372,0.008891,1.000000,0.300000
2025-07-28,-0.007438,1.500000,2.000000,10.000000,5.000000,ATR/Price %,backtest_run_20250905_153151.log,10,10,10,0,10,10,-0.007689,-0.007689,2025-09-05 15:31:51,IV,0.350000,0.200000,0.350000,0.100000,2025-07-28,-0.854372,0.008891,1.000000,0.300000
2025-07-28,-0.007438,1.500000,2.000000,10.000000,5.000000,ATR/Price %,backtest_run_20250905_153151.log,10,10,10,0,10,10,-0.006614,-0.006614,2025-09-05 15:31:51,SW,0.350000,0.200000,0.350000,0.100000,2025-07-28,-0.854372,0.008891,1.000000,0.300000
2025-07-25,-0.001359,1.500000,2.000000,10.000000,5.000000,ATR/Price %,backtest_run_20250905_153151.log,10,10,10,0,10,10,-0.001359,-0.001359,2025-09-05 15:31:51,EW,0.350000,0.200000,0.350000,0.100000,2025-07-25,-0.058586,0.025912,1.000000,0.600000
2025-07-25,-0.001359,1.500000,2.000000,10.000000,5.000000,ATR/Price %,backtest_run_20250905_153151.log,10,10,10,0,10,10,0.000268,0.000268,2025-09-05 15:31:51,IV,0.350000,0.200000,0.350000,0.100000,2025-07-25,-0.058586,0.025912,1.000000,0.600000
2025-07-25,-0.001359,1.500000,2.000000,10.000000,5.000000,ATR/Price %,backtest_run_20250905_153151.log,10,10,10,0,10,10,0.000271,0.000271,2025-09-05 15:31:51,SW,0.350000,0.200000,0.350000,0.100000,2025-07-25,-0.058586,0.025912,1.000000,0.600000
2025-07-24,-0.012207,1.500000,2.000000,10.000000,5.000000,ATR/Price %,backtest_run_20250905_153151.log,10,10,10,0,10,10,-0.012207,-0.012207,2025-09-05 15:31:51,EW,0.350000,0.200000,0.350000,0.100000,2025-07-24,-0.492744,0.025096,1.000000,0.300000
2025-07-24,-0.012207,1.500000,2.000000,10.000000,5.000000,ATR/Price %,backtest_run_20250905_153151.log,10,10,10,0,10,10,-0.011142,-0.011142,2025-09-05 15:31:51,IV,0.350000,0.200000,0.350000,0.100000,2025-07-24,-0.492744,0.025096,1.000000,0.300000
2025-07-24,-0.012207,1.500000,2.000000,10.000000,5.000000,ATR/Price %,backtest_run_20250905_153151.log,10,10,10,0,10,10,-0.017239,-0.017239,2025-09-05 15:31:51,SW,0.350000,0.200000,0.350000,0.100000,2025-07-24,-0.492744,0.025096,1.000000,0.300000
2025-07-23,-0.004518,1.500000,2.000000,10.000000,5.000000,ATR/Price %,backtest_run_20250905_153151.log,10,10,10,0,10,10,-0.004518,-0.004518,2025-09-05 15:31:51,EW,0.350000,0.200000,0.350000,0.100000,2025-07-23,-0.305045,0.015330,1.000000,0.400000
2025-07-23,-0.004518,1.500000,2.000000,10.000000,5.000000,ATR/Price %,backtest_run_20250905_153151.log,10,10,10,0,10,10,-0.002444,-0.002444,2025-09-05 15:31:51,IV,0.350000,0.200000,0.350000,0.100000,2025-07-23,-0.305045,0.015330,1.000000,0.400000
2025-07-23,-0.004518,1.500000,2.000000,10.000000,5.000000,ATR/Price %,backtest_run_20250905_153151.log,10,10,10,0,10,10,-0.002265,-0.002265,2025-09-05 15:31:51,SW,0.350000,0.200000,0.350000,0.100000,2025-07-23,-0.305045,0.015330,1.000000,0.400000
2025-07-22,-0.017044,1.500000,2.000000,10.000000,5.000000,ATR/Price %,backtest_run_20250905_153151.log,10,10,10,0,10,10,-0.017044,-0.017044,2025-09-05 15:31:51,EW,0.350000,0.200000,0.350000,0.100000,2025-07-22,-0.453670,0.037918,1.000000,0.500000
2025-07-22,-0.017044,1.500000,2.000000,10.000000,5.000000,ATR/Price %,backtest_run_20250905_153151.log,10,10,10,0,10,10,-0.012215,-0.012215,2025-09-05 15:31:51,IV,0.350000,0.200000,0.350000,0.100000,2025-07-22,-0.453670,0.037918,1.000000,0.500000
2025-07-22,-0.017044,1.500000,2.000000,10.000000,5.000000,ATR/Price %,backtest_run_20250905_153151.log,10,10,10,0,10,10,-0.017207,-0.017207,2025-09-05 15:31:51,SW,0.350000,0.200000,0.350000,0.100000,2025-07-22,-0.453670,0.037918,1.000000,0.500000
2025-07-21,0.013923,1.500000,2.000000,10.000000,5.000000,ATR/Price %,backtest_run_20250905_153151.log,10,10,9,1,10,9,0.012531,0.013923,2025-09-05 15:31:51,EW,0.350000,0.200000,0.350000,0.100000,2025-07-21,0.611265,0.022518,0.900000,0.666667
2025-07-21,0.013923,1.500000,2.000000,10.000000,5.000000,ATR/Price %,backtest_run_20250905_153151.log,10,10,9,1,10,9,0.007872,0.008772,2025-09-05 15:31:51,IV,0.350000,0.200000,0.350000,0.100000,2025-07-21,0.611265,0.022518,0.897403,0.666667
2025-07-21,0.013923,1.500000,2.000000,10.000000,5.000000,ATR/Price %,backtest_run_20250905_153151.log,10,10,9,1,10,9,0.014764,0.015797,2025-09-05 15:31:51,SW,0.350000,0.200000,0.350000,0.100000,2025-07-21,0.611265,0.022518,0.934574,0.666667
2025-07-18,0.007047,1.500000,2.000000,10.000000,5.000000,ATR/Price %,backtest_run_20250905_153151.log,10,10,10,0,10,10,0.007047,0.007047,2025-09-05 15:31:51,EW,0.350000,0.200000,0.350000,0.100000,2025-07-18,0.405618,0.016982,1.000000,0.900000
2025-07-18,0.007047,1.500000,2.000000,10.000000,5.000000,ATR/Price %,backtest_run_20250905_153151.log,10,10,10,0,10,10,0.006141,0.006141,2025-09-05 15:31:51,IV,0.350000,0.200000,0.350000,0.100000,2025-07-18,0.405618,0.016982,1.000000,0.900000
2025-07-18,0.007047,1.500000,2.000000,10.000000,5.000000,ATR/Price %,backtest_run_20250905_153151.log,10,10,10,0,10,10,0.005372,0.005372,2025-09-05 15:31:51,SW,0.350000,0.200000,0.350000,0.100000,2025-07-18,0.405618,0.016982,1.000000,0.900000
2025-07-17,-0.001392,1.500000,2.000000,10.000000,5.000000,ATR/Price %,backtest_run_20250905_153151.log,10,10,10,0,10,10,-0.001392,-0.001392,2025-09-05 15:31:51,EW,0.350000,0.200000,0.350000,0.100000,2025-07-17,-0.151736,0.010220,1.000000,0.500000
2025-07-17,-0.001392,1.500000,2.000000,10.000000,5.000000,ATR/Price %,backtest_run_20250905_153151.log,10,10,10,0,10,10,-0.000185,-0.000185,2025-09-05 15:31:51,IV,0.350000,0.200000,0.350000,0.100000,2025-07-17,-0.151736,0.010220,1.000000,0.500000
2025-07-17,-0.001392,1.500000,2.000000,10.000000,5.000000,ATR/Price %,backtest_run_20250905_153151.log,10,10,10,0,10,10,-0.001309,-0.001309,2025-09-05 15:31:51,SW,0.350000,0.200000,0.350000,0.100000,2025-07-17,-0.151736,0.010220,1.000000,0.500000
2025-07-16,-0.001454,1.500000,2.000000,10.000000,5.000000,ATR/Price %,backtest_run_20250905_153151.log,10,10,10,0,10,10,-0.001454,-0.001454,2025-09-05 15:31:51,EW,0.350000,0.200000,0.350000,0.100000,2025-07-16,-0.235144,0.006861,1.000000,0.400000
2025-07-16,-0.001454,1.500000,2.000000,10.000000,5.000000,ATR/Price %,backtest_run_20250905_153151.log,10,10,10,0,10,10,-0.001955,-0.001955,2025-09-05 15:31:51,IV,0.350000,0.200000,0.350000,0.100000,2025-07-16,-0.235144,0.006861,1.000000,0.400000
2025-07-16,-0.001454,1.500000,2.000000,10.000000,5.000000,ATR/Price %,backtest_run_20250905_153151.log,10,10,10,0,10,10,-0.000760,-0.000760,2025-09-05 15:31:51,SW,0.350000,0.200000,0.350000,0.100000,2025-07-16,-0.235144,0.006861,1.000000,0.400000
2025-07-15,0.014208,1.500000,2.000000,10.000000,5.000000,ATR/Price %,backtest_run_20250905_153151.log,10,10,10,0,10,10,0.014208,0.014208,2025-09-05 15:31:51,EW,0.350000,0.200000,0.350000,0.100000,2025-07-15,0.807775,0.017393,1.000000,0.700000
2025-07-15,0.014208,1.500000,2.000000,10.000000,5.000000,ATR/Price %,backtest_run_20250905_153151.log,10,10,10,0,10,10,0.013026,0.013026,2025-09-05 15:31:51,IV,0.350000,0.200000,0.350000,0.100000,2025-07-15,0.807775,0.017393,1.000000,0.700000
2025-07-15,0.014208,1.500000,2.000000,10.000000,5.000000,ATR/Price %,backtest_run_20250905_153151.log,10,10,10,0,10,10,0.013035,0.013035,2025-09-05 15:31:51,SW,0.350000,0.200000,0.350000,0.100000,2025-07-15,0.807775,0.017393,1.000000,0.700000
2025-07-14,0.006933,1.500000,2.000000,10.000000,5.000000,ATR/Price %,backtest_run_20250905_153151.log,10,10,10,0,10,10,0.006933,0.006933,2025-09-05 15:31:51,EW,0.350000,0.200000,0.350000,0.100000,2025-07-14,0.420546,0.016107,1.000000,0.900000
2025-07-14,0.006933,1.500000,2.000000,10.000000,5.000000,ATR/Price %,backtest_run_20250905_153151.log,10,10,10,0,10,10,0.006789,0.006789,2025-09-05 15:31:51,IV,0.350000,0.200000,0.350000,0.100000,2025-07-14,0.420546,0.016107,1.000000,0.900000
2025-07-14,0.006933,1.500000,2.000000,10.000000,5.000000,ATR/Price %,backtest_run_20250905_153151.log,10,10,10,0,10,10,0.008021,0.008021,2025-09-05 15:31:51,SW,0.350000,0.200000,0.350000,0.100000,2025-07-14,0.420546,0.016107,1.000000,0.900000
2025-07-11,-0.016843,1.500000,2.000000,10.000000,5.000000,ATR/Price %,backtest_run_20250905_153151.log,10,10,10,0,10,10,-0.016843,-0.016843,2025-09-05 15:31:51,EW,0.350000,0.200000,0.350000,0.100000,2025-07-11,-1.249091,0.013611,1.000000,0.100000
2025-07-11,-0.016843,1.500000,2.000000,10.000000,5.000000,ATR/Price %,backtest_run_20250905_153151.log,10,10,10,0,10,10,-0.015205,-0.015205,2025-09-05 15:31:51,IV,0.350000,0.200000,0.350000,0.100000,2025-07-11,-1.249091,0.013611,1.000000,0.100000
2025-07-11,-0.016843,1.500000,2.000000,10.000000,5.000000,ATR/Price %,backtest_run_20250905_153151.log,10,10,10,0,10,10,-0.017445,-0.017445,2025-09-05 15:31:51,SW,0.350000,0.200000,0.350000,0.100000,2025-07-11,-1.249091,0.013611,1.000000,0.100000
2025-07-10,0.007589,1.500000,2.000000,10.000000,5.000000,ATR/Price %,backtest_run_20250905_153151.log,10,10,10,0,10,10,0.007589,0.007589,2025-09-05 15:31:51,EW,0.350000,0.200000,0.350000,0.100000,2025-07-10,0.401874,0.018488,1.000000,0.600000
2025-07-10,0.007589,1.500000,2.000000,10.000000,5.000000,ATR/Price %,backtest_run_20250905_153151.log,10,10,10,0,10,10,0.008267,0.008267,2025-09-05 15:31:51,IV,0.350000,0.200000,0.350000,0.100000,2025-07-10,0.401874,0.018488,1.000000,0.600000
2025-07-10,0.007589,1.500000,2.000000,10.000000,5.000000,ATR/Price %,backtest_run_20250905_153151.log,10,10,10,0,10,10,0.007464,0.007464,2025-09-05 15:31:51,SW,0.350000,0.200000,0.350000,0.100000,2025-07-10,0.401874,0.018488,1.000000,0.600000
2025-07-09,-0.008768,1.500000,2.000000,10.000000,5.000000,ATR/Price %,backtest_run_20250905_153151.log,10,10,10,0,10,10,-0.008768,-0.008768,2025-09-05 15:31:51,EW,0.350000,0.200000,0.350000,0.100000,2025-07-09,-0.645873,0.013821,1.000000,0.300000
2025-07-09,-0.008768,1.500000,2.000000,10.000000,5.000000,ATR/Price %,backtest_run_20250905_153151.log,10,10,10,0,10,10,-0.007002,-0.007002,2025-09-05 15:31:51,IV,0.350000,0.200000,0.350000,0.100000,2025-07-09,-0.645873,0.013821,1.000000,0.300000
2025-07-09,-0.008768,1.500000,2.000000,10.000000,5.000000,ATR/Price %,backtest_run_20250905_153151.log,10,10,10,0,10,10,-0.008918,-0.008918,2025-09-05 15:31:51,SW,0.350000,0.200000,0.350000,0.100000,2025-07-09,-0.645873,0.013821,1.000000,0.300000
2025-07-08,-0.006714,1.500000,2.000000,10.000000,5.000000,ATR/Price %,backtest_run_20250905_153151.log,10,10,10,0,10,10,-0.006714,-0.006714,2025-09-05 15:31:51,EW,0.350000,0.200000,0.350000,0.100000,2025-07-08,-0.504064,0.013635,1.000000,0.400000
2025-07-08,-0.006714,1.500000,2.000000,10.000000,5.000000,ATR/Price %,backtest_run_20250905_153151.log,10,10,10,0,10,10,-0.003226,-0.003226,2025-09-05 15:31:51,IV,0.350000,0.200000,0.350000,0.100000,2025-07-08,-0.504064,0.013635,1.000000,0.400000
2025-07-08,-0.006714,1.500000,2.000000,10.000000,5.000000,ATR/Price %,backtest_run_20250905_153151.log,10,10,10,0,10,10,-0.011526,-0.011526,2025-09-05 15:31:51,SW,0.350000,0.200000,0.350000,0.100000,2025-07-08,-0.504064,0.013635,1.000000,0.400000
2025-07-07,-0.008252,1.500000,2.000000,10.000000,5.000000,ATR/Price %,backtest_run_20250905_153151.log,10,10,10,0,10,10,-0.008252,-0.008252,2025-09-05 15:31:51,EW,0.350000,0.200000,0.350000,0.100000,2025-07-07,-0.495730,0.016966,1.000000,0.300000
2025-07-07,-0.008252,1.500000,2.000000,10.000000,5.000000,ATR/Price %,backtest_run_20250905_153151.log,10,10,10,0,10,10,-0.009147,-0.009147,2025-09-05 15:31:51,IV,0.350000,0.200000,0.350000,0.100000,2025-07-07,-0.495730,0.016966,1.000000,0.300000
2025-07-07,-0.008252,1.500000,2.000000,10.000000,5.000000,ATR/Price %,backtest_run_20250905_153151.log,10,10,10,0,10,10,-0.006043,-0.006043,2025-09-05 15:31:51,SW,0.350000,0.200000,0.350000,0.100000,2025-07-07,-0.495730,0.016966,1.000000,0.300000
2025-07-03,0.004396,1.500000,2.000000,10.000000,5.000000,ATR/Price %,backtest_run_20250905_153151.log,10,10,10,0,10,10,0.004396,0.004396,2025-09-05 15:31:51,EW,0.350000,0.200000,0.350000,0.100000,2025-07-03,0.332532,0.012743,1.000000,0.600000
2025-07-03,0.004396,1.500000,2.000000,10.000000,5.000000,ATR/Price %,backtest_run_20250905_153151.log,10,10,10,0,10,10,0.004827,0.004827,2025-09-05 15:31:51,IV,0.350000,0.200000,0.350000,0.100000,2025-07-03,0.332532,0.012743,1.000000,0.600000
2025-07-03,0.004396,1.500000,2.000000,10.000000,5.000000,ATR/Price %,backtest_run_20250905_153151.log,10,10,10,0,10,10,0.002071,0.002071,2025-09-05 15:31:51,SW,0.350000,0.200000,0.350000,0.100000,2025-07-03,0.332532,0.012743,1.000000,0.600000
2025-07-02,-0.013067,1.500000,2.000000,10.000000,5.000000,ATR/Price %,backtest_run_20250905_153151.log,10,10,10,0,10,10,-0.013067,-0.013067,2025-09-05 15:31:51,EW,0.350000,0.200000,0.350000,0.100000,2025-07-02,-1.552497,0.008519,1.000000,0.000000
2025-07-02,-0.013067,1.500000,2.000000,10.000000,5.000000,ATR/Price %,backtest_run_20250905_153151.log,10,10,10,0,10,10,-0.013135,-0.013135,2025-09-05 15:31:51,IV,0.350000,0.200000,0.350000,0.100000,2025-07-02,-1.552497,0.008519,1.000000,0.000000
2025-07-02,-0.013067,1.500000,2.000000,10.000000,5.000000,ATR/Price %,backtest_run_20250905_153151.log,10,10,10,0,10,10,-0.010863,-0.010863,2025-09-05 15:31:51,SW,0.350000,0.200000,0.350000,0.100000,2025-07-02,-1.552497,0.008519,1.000000,0.000000
2025-07-01,0.004845,1.500000,2.000000,10.000000,5.000000,ATR/Price %,backtest_run_20250905_153151.log,10,10,10,0,10,10,0.004845,0.004845,2025-09-05 15:31:51,EW,0.350000,0.200000,0.350000,0.100000,2025-07-01,0.382053,0.012266,1.000000,0.600000
2025-07-01,0.004845,1.500000,2.000000,10.000000,5.000000,ATR/Price %,backtest_run_20250905_153151.log,10,10,10,0,10,10,0.005066,0.005066,2025-09-05 15:31:51,IV,0.350000,0.200000,0.350000,0.100000,2025-07-01,0.382053,0.012266,1.000000,0.600000
2025-07-01,0.004845,1.500000,2.000000,10.000000,5.000000,ATR/Price %,backtest_run_20250905_153151.log,10,10,10,0,10,10,0.004565,0.004565,2025-09-05 15:31:51,SW,0.350000,0.200000,0.350000,0.100000,2025-07-01,0.382053,0.012266,1.000000,0.600000
2025-06-30,0.009665,1.500000,2.000000,10.000000,5.000000,ATR/Price %,backtest_run_20250905_153151.log,10,10,10,0,10,10,0.009665,0.009665,2025-09-05 15:31:51,EW,0.350000,0.200000,0.350000,0.100000,2025-06-30,0.473608,0.020072,1.000000,0.700000
2025-06-30,0.009665,1.500000,2.000000,10.000000,5.000000,ATR/Price %,backtest_run_20250905_153151.log,10,10,10,0,10,10,0.005432,0.005432,2025-09-05 15:31:51,IV,0.350000,0.200000,0.350000,0.100000,2025-06-30,0.473608,0.020072,1.000000,0.700000
2025-06-30,0.009665,1.500000,2.000000,10.000000,5.000000,ATR/Price %,backtest_run_20250905_153151.log,10,10,10,0,10,10,0.010151,0.010151,2025-09-05 15:31:51,SW,0.350000,0.200000,0.350000,0.100000,2025-06-30,0.473608,0.020072,1.000000,0.700000
2025-06-27,-0.000178,1.500000,2.000000,10.000000,5.000000,ATR/Price %,backtest_run_20250905_153151.log,10,10,9,1,10,9,-0.000160,-0.000178,2025-09-05 15:31:51,EW,0.350000,0.200000,0.350000,0.100000,2025-06-27,-0.016722,0.020136,0.900000,0.555556
2025-06-27,-0.000178,1.500000,2.000000,10.000000,5.000000,ATR/Price %,backtest_run_20250905_153151.log,10,10,9,1,10,9,0.003953,0.004239,2025-09-05 15:31:51,IV,0.350000,0.200000,0.350000,0.100000,2025-06-27,-0.016722,0.020136,0.932536,0.555556
2025-06-27,-0.000178,1.500000,2.000000,10.000000,5.000000,ATR/Price %,backtest_run_20250905_153151.log,10,10,9,1,10,9,-0.001975,-0.002124,2025-09-05 15:31:51,SW,0.350000,0.200000,0.350000,0.100000,2025-06-27,-0.016722,0.020136,0.929825,0.555556
2025-06-26,0.006535,1.500000,2.000000,10.000000,5.000000,ATR/Price %,backtest_run_20250905_153151.log,10,10,10,0,10,10,0.006535,0.006535,2025-09-05 15:31:51,EW,0.350000,0.200000,0.350000,0.100000,2025-06-26,0.693957,0.009189,1.000000,0.600000
2025-06-26,0.006535,1.500000,2.000000,10.000000,5.000000,ATR/Price %,backtest_run_20250905_153151.log,10,10,10,0,10,10,0.006510,0.006510,2025-09-05 15:31:51,IV,0.350000,0.200000,0.350000,0.100000,2025-06-26,0.693957,0.009189,1.000000,0.600000
2025-06-26,0.006535,1.500000,2.000000,10.000000,5.000000,ATR/Price %,backtest_run_20250905_153151.log,10,10,10,0,10,10,0.006628,0.006628,2025-09-05 15:31:51,SW,0.350000,0.200000,0.350000,0.100000,2025-06-26,0.693957,0.009189,1.000000,0.600000
2025-06-25,0.006392,1.500000,2.000000,10.000000,5.000000,ATR/Price %,backtest_run_20250905_153151.log,10,10,9,1,10,9,0.005752,0.006392,2025-09-05 15:31:51,EW,0.350000,0.200000,0.350000,0.100000,2025-06-25,0.475036,0.013121,0.900000,0.555556
2025-06-25,0.006392,1.500000,2.000000,10.000000,5.000000,ATR/Price %,backtest_run_20250905_153151.log,10,10,9,1,10,9,0.003483,0.003959,2025-09-05 15:31:51,IV,0.350000,0.200000,0.350000,0.100000,2025-06-25,0.475036,0.013121,0.879631,0.555556
2025-06-25,0.006392,1.500000,2.000000,10.000000,5.000000,ATR/Price %,backtest_run_20250905_153151.log,10,10,9,1,10,9,0.008919,0.010027,2025-09-05 15:31:51,SW,0.350000,0.200000,0.350000,0.100000,2025-06-25,0.475036,0.013121,0.889475,0.555556
2025-06-24,0.005037,1.500000,2.000000,10.000000,5.000000,ATR/Price %,backtest_run_20250905_153151.log,10,10,10,0,10,10,0.005037,0.005037,2025-09-05 15:31:51,EW,0.350000,0.200000,0.350000,0.100000,2025-06-24,0.435205,0.011209,1.000000,0.600000
2025-06-24,0.005037,1.500000,2.000000,10.000000,5.000000,ATR/Price %,backtest_run_20250905_153151.log,10,10,10,0,10,10,0.005098,0.005098,2025-09-05 15:31:51,IV,0.350000,0.200000,0.350000,0.100000,2025-06-24,0.435205,0.011209,1.000000,0.600000
2025-06-24,0.005037,1.500000,2.000000,10.000000,5.000000,ATR/Price %,backtest_run_20250905_153151.log,10,10,10,0,10,10,0.004806,0.004806,2025-09-05 15:31:51,SW,0.350000,0.200000,0.350000,0.100000,2025-06-24,0.435205,0.011209,1.000000,0.600000
2025-06-23,-0.009738,1.500000,2.000000,10.000000,5.000000,ATR/Price %,backtest_run_20250905_153151.log,10,10,10,0,10,10,-0.009738,-0.009738,2025-09-05 15:31:51,EW,0.350000,0.200000,0.350000,0.100000,2025-06-23,-0.269158,0.036769,1.000000,0.100000
2025-06-23,-0.009738,1.500000,2.000000,10.000000,5.000000,ATR/Price %,backtest_run_20250905_153151.log,10,10,10,0,10,10,-0.012243,-0.012243,2025-09-05 15:31:51,IV,0.350000,0.200000,0.350000,0.100000,2025-06-23,-0.269158,0.036769,1.000000,0.100000
2025-06-23,-0.009738,1.500000,2.000000,10.000000,5.000000,ATR/Price %,backtest_run_20250905_153151.log,10,10,10,0,10,10,-0.015867,-0.015867,2025-09-05 15:31:51,SW,0.350000,0.200000,0.350000,0.100000,2025-06-23,-0.269158,0.036769,1.000000,0.100000
2025-06-20,0.012414,1.500000,2.000000,10.000000,5.000000,ATR/Price %,backtest_run_20250905_153151.log,10,10,10,0,10,10,0.012414,0.012414,2025-09-05 15:31:51,EW,0.350000,0.200000,0.350000,0.100000,2025-06-20,1.124063,0.010902,1.000000,0.900000
2025-06-20,0.012414,1.500000,2.000000,10.000000,5.000000,ATR/Price %,backtest_run_20250905_153151.log,10,10,10,0,10,10,0.012284,0.012284,2025-09-05 15:31:51,IV,0.350000,0.200000,0.350000,0.100000,2025-06-20,1.124063,0.010902,1.000000,0.900000
2025-06-20,0.012414,1.500000,2.000000,10.000000,5.000000,ATR/Price %,backtest_run_20250905_153151.log,10,10,10,0,10,10,0.012605,0.012605,2025-09-05 15:31:51,SW,0.350000,0.200000,0.350000,0.100000,2025-06-20,1.124063,0.010902,1.000000,0.900000
2025-06-18,0.011509,1.500000,2.000000,10.000000,5.000000,ATR/Price %,backtest_run_20250905_153151.log,10,10,10,0,10,10,0.011509,0.011509,2025-09-05 15:31:51,EW,0.350000,0.200000,0.350000,0.100000,2025-06-18,0.750644,0.015121,1.000000,0.700000
2025-06-18,0.011509,1.500000,2.000000,10.000000,5.000000,ATR/Price %,backtest_run_20250905_153151.log,10,10,10,0,10,10,0.010780,0.010780,2025-09-05 15:31:51,IV,0.350000,0.200000,0.350000,0.100000,2025-06-18,0.750644,0.015121,1.000000,0.700000
2025-06-18,0.011509,1.500000,2.000000,10.000000,5.000000,ATR/Price %,backtest_run_20250905_153151.log,10,10,10,0,10,10,0.013042,0.013042,2025-09-05 15:31:51,SW,0.350000,0.200000,0.350000,0.100000,2025-06-18,0.750644,0.015121,1.000000,0.700000
2025-06-17,-0.001591,1.500000,2.000000,10.000000,5.000000,ATR/Price %,backtest_run_20250905_153151.log,10,10,10,0,10,10,-0.001591,-0.001591,2025-09-05 15:31:51,EW,0.350000,0.200000,0.350000,0.100000,2025-06-17,-0.090852,0.019258,1.000000,0.500000
2025-06-17,-0.001591,1.500000,2.000000,10.000000,5.000000,ATR/Price %,backtest_run_20250905_153151.log,10,10,10,0,10,10,-0.002007,-0.002007,2025-09-05 15:31:51,IV,0.350000,0.200000,0.350000,0.100000,2025-06-17,-0.090852,0.019258,1.000000,0.500000
2025-06-17,-0.001591,1.500000,2.000000,10.000000,5.000000,ATR/Price %,backtest_run_20250905_153151.log,10,10,10,0,10,10,0.002566,0.002566,2025-09-05 15:31:51,SW,0.350000,0.200000,0.350000,0.100000,2025-06-17,-0.090852,0.019258,1.000000,0.500000
2025-06-16,-0.001747,1.500000,2.000000,10.000000,5.000000,ATR/Price %,backtest_run_20250905_153151.log,10,10,10,0,10,10,-0.001747,-0.001747,2025-09-05 15:31:51,EW,0.350000,0.200000,0.350000,0.100000,2025-06-16,-0.303232,0.006286,1.000000,0.400000
2025-06-16,-0.001747,1.500000,2.000000,10.000000,5.000000,ATR/Price %,backtest_run_20250905_153151.log,10,10,10,0,10,10,-0.001926,-0.001926,2025-09-05 15:31:51,IV,0.350000,0.200000,0.350000,0.100000,2025-06-16,-0.303232,0.006286,1.000000,0.400000
2025-06-16,-0.001747,1.500000,2.000000,10.000000,5.000000,ATR/Price %,backtest_run_20250905_153151.log,10,10,10,0,10,10,-0.002630,-0.002630,2025-09-05 15:31:51,SW,0.350000,0.200000,0.350000,0.100000,2025-06-16,-0.303232,0.006286,1.000000,0.400000
2025-06-13,-0.010292,1.500000,2.000000,10.000000,5.000000,ATR/Price %,backtest_run_20250905_153151.log,10,10,10,0,10,10,-0.010292,-0.010292,2025-09-05 15:31:51,EW,0.350000,0.200000,0.350000,0.100000,2025-06-13,-0.642934,0.016255,1.000000,0.300000
2025-06-13,-0.010292,1.500000,2.000000,10.000000,5.000000,ATR/Price %,backtest_run_20250905_153151.log,10,10,10,0,10,10,-0.010389,-0.010389,2025-09-05 15:31:51,IV,0.350000,0.200000,0.350000,0.100000,2025-06-13,-0.642934,0.016255,1.000000,0.300000
2025-06-13,-0.010292,1.500000,2.000000,10.000000,5.000000,ATR/Price %,backtest_run_20250905_153151.log,10,10,10,0,10,10,-0.011570,-0.011570,2025-09-05 15:31:51,SW,0.350000,0.200000,0.350000,0.100000,2025-06-13,-0.642934,0.016255,1.000000,0.300000
2025-06-12,0.007074,1.500000,2.000000,10.000000,5.000000,ATR/Price %,backtest_run_20250905_153151.log,10,10,10,0,10,10,0.007074,0.007074,2025-09-05 15:31:51,EW,0.350000,0.200000,0.350000,0.100000,2025-06-12,0.321328,0.021521,1.000000,0.600000
2025-06-12,0.007074,1.500000,2.000000,10.000000,5.000000,ATR/Price %,backtest_run_20250905_153151.log,10,10,10,0,10,10,0.004078,0.004078,2025-09-05 15:31:51,IV,0.350000,0.200000,0.350000,0.100000,2025-06-12,0.321328,0.021521,1.000000,0.600000
2025-06-12,0.007074,1.500000,2.000000,10.000000,5.000000,ATR/Price %,backtest_run_20250905_153151.log,10,10,10,0,10,10,0.021954,0.021954,2025-09-05 15:31:51,SW,0.350000,0.200000,0.350000,0.100000,2025-06-12,0.321328,0.021521,1.000000,0.600000
2025-06-11,-0.016341,1.500000,2.000000,10.000000,5.000000,ATR/Price %,backtest_run_20250905_153151.log,10,10,9,1,10,9,-0.014707,-0.016341,2025-09-05 15:31:51,EW,0.350000,0.200000,0.350000,0.100000,2025-06-11,-0.703859,0.023442,0.900000,0.222222
2025-06-11,-0.016341,1.500000,2.000000,10.000000,5.000000,ATR/Price %,backtest_run_20250905_153151.log,10,10,9,1,10,9,-0.014272,-0.015766,2025-09-05 15:31:51,IV,0.350000,0.200000,0.350000,0.100000,2025-06-11,-0.703859,0.023442,0.905238,0.222222
2025-06-11,-0.016341,1.500000,2.000000,10.000000,5.000000,ATR/Price %,backtest_run_20250905_153151.log,10,10,9,1,10,9,-0.012220,-0.015234,2025-09-05 15:31:51,SW,0.350000,0.200000,0.350000,0.100000,2025-06-11,-0.703859,0.023442,0.802208,0.222222
2025-06-10,-0.004476,1.500000,2.000000,10.000000,5.000000,ATR/Price %,backtest_run_20250905_153151.log,10,10,9,1,10,9,-0.004028,-0.004476,2025-09-05 15:31:51,EW,0.350000,0.200000,0.350000,0.100000,2025-06-10,-0.356882,0.012986,0.900000,0.333333
2025-06-10,-0.004476,1.500000,2.000000,10.000000,5.000000,ATR/Price %,backtest_run_20250905_153151.log,10,10,9,1,10,9,-0.003228,-0.003497,2025-09-05 15:31:51,IV,0.350000,0.200000,0.350000,0.100000,2025-06-10,-0.356882,0.012986,0.923116,0.333333
2025-06-10,-0.004476,1.500000,2.000000,10.000000,5.000000,ATR/Price %,backtest_run_20250905_153151.log,10,10,9,1,10,9,-0.004201,-0.004599,2025-09-05 15:31:51,SW,0.350000,0.200000,0.350000,0.100000,2025-06-10,-0.356882,0.012986,0.913533,0.333333
2025-06-09,-0.002465,1.500000,2.000000,10.000000,5.000000,ATR/Price %,backtest_run_20250905_153151.log,10,10,9,1,10,9,-0.002219,-0.002465,2025-09-05 15:31:51,EW,0.350000,0.200000,0.350000,0.100000,2025-06-09,-0.205155,0.012791,0.900000,0.555556
2025-06-09,-0.002465,1.500000,2.000000,10.000000,5.000000,ATR/Price %,backtest_run_20250905_153151.log,10,10,9,1,10,9,-0.000359,-0.000386,2025-09-05 15:31:51,IV,0.350000,0.200000,0.350000,0.100000,2025-06-09,-0.205155,0.012791,0.929572,0.555556
2025-06-09,-0.002465,1.500000,2.000000,10.000000,5.000000,ATR/Price %,backtest_run_20250905_153151.log,10,10,9,1,10,9,-0.003354,-0.003826,2025-09-05 15:31:51,SW,0.350000,0.200000,0.350000,0.100000,2025-06-09,-0.205155,0.012791,0.876530,0.555556
2025-06-06,-0.001514,1.500000,2.000000,10.000000,5.000000,ATR/Price %,backtest_run_20250905_153151.log,10,10,9,1,10,9,-0.001362,-0.001514,2025-09-05 15:31:51,EW,0.350000,0.200000,0.350000,0.100000,2025-06-06,-0.164749,0.010151,0.900000,0.555556
2025-06-06,-0.001514,1.500000,2.000000,10.000000,5.000000,ATR/Price %,backtest_run_20250905_153151.log,10,10,9,1,10,9,0.000545,0.000581,2025-09-05 15:31:51,IV,0.350000,0.200000,0.350000,0.100000,2025-06-06,-0.164749,0.010151,0.939009,0.555556
2025-06-06,-0.001514,1.500000,2.000000,10.000000,5.000000,ATR/Price %,backtest_run_20250905_153151.log,10,10,9,1,10,9,-0.005995,-0.006359,2025-09-05 15:31:51,SW,0.350000,0.200000,0.350000,0.100000,2025-06-06,-0.164749,0.010151,0.942771,0.555556
2025-06-05,0.006693,1.500000,2.000000,10.000000,5.000000,ATR/Price %,backtest_run_20250905_153151.log,10,10,9,1,10,9,0.006024,0.006693,2025-09-05 15:31:51,EW,0.350000,0.200000,0.350000,0.100000,2025-06-05,0.332147,0.019674,0.900000,0.666667
2025-06-05,0.006693,1.500000,2.000000,10.000000,5.000000,ATR/Price %,backtest_run_20250905_153151.log,10,10,9,1,10,9,0.002751,0.003012,2025-09-05 15:31:51,IV,0.350000,0.200000,0.350000,0.100000,2025-06-05,0.332147,0.019674,0.913422,0.666667
2025-06-05,0.006693,1.500000,2.000000,10.000000,5.000000,ATR/Price %,backtest_run_20250905_153151.log,10,10,9,1,10,9,0.006132,0.006841,2025-09-05 15:31:51,SW,0.350000,0.200000,0.350000,0.100000,2025-06-05,0.332147,0.019674,0.896325,0.666667
2025-06-04,0.014321,1.500000,2.000000,10.000000,5.000000,ATR/Price %,backtest_run_20250905_153151.log,10,10,10,0,10,10,0.014321,0.014321,2025-09-05 15:31:51,EW,0.350000,0.200000,0.350000,0.100000,2025-06-04,1.373629,0.010310,1.000000,0.900000
2025-06-04,0.014321,1.500000,2.000000,10.000000,5.000000,ATR/Price %,backtest_run_20250905_153151.log,10,10,10,0,10,10,0.014126,0.014126,2025-09-05 15:31:51,IV,0.350000,0.200000,0.350000,0.100000,2025-06-04,1.373629,0.010310,1.000000,0.900000
2025-06-04,0.014321,1.500000,2.000000,10.000000,5.000000,ATR/Price %,backtest_run_20250905_153151.log,10,10,10,0,10,10,0.014364,0.014364,2025-09-05 15:31:51,SW,0.350000,0.200000,0.350000,0.100000,2025-06-04,1.373629,0.010310,1.000000,0.900000
2025-06-03,0.004139,1.500000,2.000000,10.000000,5.000000,ATR/Price %,backtest_run_20250905_153151.log,10,10,10,0,10,10,0.004139,0.004139,2025-09-05 15:31:51,EW,0.350000,0.200000,0.350000,0.100000,2025-06-03,0.187004,0.021286,1.000000,0.400000
2025-06-03,0.004139,1.500000,2.000000,10.000000,5.000000,ATR/Price %,backtest_run_20250905_153151.log,10,10,10,0,10,10,0.003466,0.003466,2025-09-05 15:31:51,IV,0.350000,0.200000,0.350000,0.100000,2025-06-03,0.187004,0.021286,1.000000,0.400000
2025-06-03,0.004139,1.500000,2.000000,10.000000,5.000000,ATR/Price %,backtest_run_20250905_153151.log,10,10,10,0,10,10,0.005177,0.005177,2025-09-05 15:31:51,SW,0.350000,0.200000,0.350000,0.100000,2025-06-03,0.187004,0.021286,1.000000,0.400000
2025-06-02,0.003475,1.500000,2.000000,10.000000,5.000000,ATR/Price %,backtest_run_20250905_153151.log,10,10,10,0,10,10,0.003475,0.003475,2025-09-05 15:31:51,EW,0.350000,0.200000,0.350000,0.100000,2025-06-02,0.250450,0.013240,1.000000,0.500000
2025-06-02,0.003475,1.500000,2.000000,10.000000,5.000000,ATR/Price %,backtest_run_20250905_153151.log,10,10,10,0,10,10,0.002496,0.002496,2025-09-05 15:31:51,IV,0.350000,0.200000,0.350000,0.100000,2025-06-02,0.250450,0.013240,1.000000,0.500000
2025-06-02,0.003475,1.500000,2.000000,10.000000,5.000000,ATR/Price %,backtest_run_20250905_153151.log,10,10,10,0,10,10,0.003143,0.003143,2025-09-05 15:31:51,SW,0.350000,0.200000,0.350000,0.100000,2025-06-02,0.250450,0.013240,1.000000,0.500000
2025-05-30,0.018381,1.500000,2.000000,10.000000,5.000000,ATR/Price %,backtest_run_20250905_153151.log,10,10,10,0,10,10,0.018381,0.018381,2025-09-05 15:31:51,EW,0.350000,0.200000,0.350000,0.100000,2025-05-30,1.010132,0.018040,1.000000,0.800000
2025-05-30,0.018381,1.500000,2.000000,10.000000,5.000000,ATR/Price %,backtest_run_20250905_153151.log,10,10,10,0,10,10,0.016220,0.016220,2025-09-05 15:31:51,IV,0.350000,0.200000,0.350000,0.100000,2025-05-30,1.010132,0.018040,1.000000,0.800000
2025-05-30,0.018381,1.500000,2.000000,10.000000,5.000000,ATR/Price %,backtest_run_20250905_153151.log,10,10,10,0,10,10,0.014629,0.014629,2025-09-05 15:31:51,SW,0.350000,0.200000,0.350000,0.100000,2025-05-30,1.010132,0.018040,1.000000,0.800000
2025-05-29,0.007331,1.500000,2.000000,10.000000,5.000000,ATR/Price %,backtest_run_20250905_153151.log,10,10,10,0,10,10,0.007331,0.007331,2025-09-05 15:31:51,EW,0.350000,0.200000,0.350000,0.100000,2025-05-29,0.404017,0.017753,1.000000,0.500000
2025-05-29,0.007331,1.500000,2.000000,10.000000,5.000000,ATR/Price %,backtest_run_20250905_153151.log,10,10,10,0,10,10,0.006278,0.006278,2025-09-05 15:31:51,IV,0.350000,0.200000,0.350000,0.100000,2025-05-29,0.404017,0.017753,1.000000,0.500000
2025-05-29,0.007331,1.500000,2.000000,10.000000,5.000000,ATR/Price %,backtest_run_20250905_153151.log,10,10,10,0,10,10,0.008215,0.008215,2025-09-05 15:31:51,SW,0.350000,0.200000,0.350000,0.100000,2025-05-29,0.404017,0.017753,1.000000,0.500000
2025-05-28,-0.000267,1.500000,2.000000,10.000000,5.000000,ATR/Price %,backtest_run_20250905_153151.log,10,10,10,0,10,10,-0.000267,-0.000267,2025-09-05 15:31:51,EW,0.350000,0.200000,0.350000,0.100000,2025-05-28,-0.022996,0.018498,1.000000,0.400000
2025-05-28,-0.000267,1.500000,2.000000,10.000000,5.000000,ATR/Price %,backtest_run_20250905_153151.log,10,10,10,0,10,10,-0.000285,-0.000285,2025-09-05 15:31:51,IV,0.350000,0.200000,0.350000,0.100000,2025-05-28,-0.022996,0.018498,1.000000,0.400000
2025-05-28,-0.000267,1.500000,2.000000,10.000000,5.000000,ATR/Price %,backtest_run_20250905_153151.log,10,10,10,0,10,10,0.000759,0.000759,2025-09-05 15:31:51,SW,0.350000,0.200000,0.350000,0.100000,2025-05-28,-0.022996,0.018498,1.000000,0.400000
2025-05-27,0.010798,1.500000,2.000000,10.000000,5.000000,ATR/Price %,backtest_run_20250905_153151.log,10,10,9,1,10,9,0.009719,0.010798,2025-09-05 15:31:51,EW,0.350000,0.200000,0.350000,0.100000,2025-05-27,0.528160,0.020145,0.900000,0.666667
2025-05-27,0.010798,1.500000,2.000000,10.000000,5.000000,ATR/Price %,backtest_run_20250905_153151.log,10,10,9,1,10,9,0.010806,0.011725,2025-09-05 15:31:51,IV,0.350000,0.200000,0.350000,0.100000,2025-05-27,0.528160,0.020145,0.921589,0.666667
2025-05-27,0.010798,1.500000,2.000000,10.000000,5.000000,ATR/Price %,backtest_run_20250905_153151.log,10,10,9,1,10,9,0.006512,0.007322,2025-09-05 15:31:51,SW,0.350000,0.200000,0.350000,0.100000,2025-05-27,0.528160,0.020145,0.889325,0.666667
2025-05-23,-0.012007,1.500000,2.000000,10.000000,5.000000,ATR/Price %,backtest_run_20250905_153151.log,10,10,10,0,10,10,-0.012007,-0.012007,2025-09-05 15:31:51,EW,0.350000,0.200000,0.350000,0.100000,2025-05-23,-0.803204,0.015146,1.000000,0.300000
2025-05-23,-0.012007,1.500000,2.000000,10.000000,5.000000,ATR/Price %,backtest_run_20250905_153151.log,10,10,10,0,10,10,-0.010503,-0.010503,2025-09-05 15:31:51,IV,0.350000,0.200000,0.350000,0.100000,2025-05-23,-0.803204,0.015146,1.000000,0.300000
2025-05-23,-0.012007,1.500000,2.000000,10.000000,5.000000,ATR/Price %,backtest_run_20250905_153151.log,10,10,10,0,10,10,-0.016241,-0.016241,2025-09-05 15:31:51,SW,0.350000,0.200000,0.350000,0.100000,2025-05-23,-0.803204,0.015146,1.000000,0.300000
2025-05-22,0.022202,1.500000,2.000000,10.000000,5.000000,ATR/Price %,backtest_run_20250905_153151.log,10,10,10,0,10,10,0.022202,0.022202,2025-09-05 15:31:51,EW,0.350000,0.200000,0.350000,0.100000,2025-05-22,1.018063,0.021652,1.000000,0.900000
2025-05-22,0.022202,1.500000,2.000000,10.000000,5.000000,ATR/Price %,backtest_run_20250905_153151.log,10,10,10,0,10,10,0.020181,0.020181,2025-09-05 15:31:51,IV,0.350000,0.200000,0.350000,0.100000,2025-05-22,1.018063,0.021652,1.000000,0.900000
2025-05-22,0.022202,1.500000,2.000000,10.000000,5.000000,ATR/Price %,backtest_run_20250905_153151.log,10,10,10,0,10,10,0.023930,0.023930,2025-09-05 15:31:51,SW,0.350000,0.200000,0.350000,0.100000,2025-05-22,1.018063,0.021652,1.000000,0.900000
2025-05-21,-0.007419,1.500000,2.000000,10.000000,5.000000,ATR/Price %,backtest_run_20250905_153151.log,10,10,10,0,10,10,-0.007419,-0.007419,2025-09-05 15:31:51,EW,0.350000,0.200000,0.350000,0.100000,2025-05-21,-1.107576,0.006842,1.000000,0.200000
2025-05-21,-0.007419,1.500000,2.000000,10.000000,5.000000,ATR/Price %,backtest_run_20250905_153151.log,10,10,10,0,10,10,-0.006818,-0.006818,2025-09-05 15:31:51,IV,0.350000,0.200000,0.350000,0.100000,2025-05-21,-1.107576,0.006842,1.000000,0.200000
2025-05-21,-0.007419,1.500000,2.000000,10.000000,5.000000,ATR/Price %,backtest_run_20250905_153151.log,10,10,10,0,10,10,-0.006841,-0.006841,2025-09-05 15:31:51,SW,0.350000,0.200000,0.350000,0.100000,2025-05-21,-1.107576,0.006842,1.000000,0.200000
2025-05-20,-0.005428,1.500000,2.000000,10.000000,5.000000,ATR/Price %,backtest_run_20250905_153151.log,10,10,10,0,10,10,-0.005428,-0.005428,2025-09-05 15:31:51,EW,0.350000,0.200000,0.350000,0.100000,2025-05-20,-0.510363,0.010946,1.000000,0.300000
2025-05-20,-0.005428,1.500000,2.000000,10.000000,5.000000,ATR/Price %,backtest_run_20250905_153151.log,10,10,10,0,10,10,-0.005470,-0.005470,2025-09-05 15:31:51,IV,0.350000,0.200000,0.350000,0.100000,2025-05-20,-0.510363,0.010946,1.000000,0.300000
2025-05-20,-0.005428,1.500000,2.000000,10.000000,5.000000,ATR/Price %,backtest_run_20250905_153151.log,10,10,10,0,10,10,-0.005374,-0.005374,2025-09-05 15:31:51,SW,0.350000,0.200000,0.350000,0.100000,2025-05-20,-0.510363,0.010946,1.000000,0.300000
2025-05-19,-0.031058,1.500000,2.000000,10.000000,5.000000,ATR/Price %,backtest_run_20250905_153151.log,10,10,10,0,10,10,-0.031058,-0.031058,2025-09-05 15:31:51,EW,0.350000,0.200000,0.350000,0.100000,2025-05-19,-1.493143,0.020907,1.000000,0.000000
2025-05-19,-0.031058,1.500000,2.000000,10.000000,5.000000,ATR/Price %,backtest_run_20250905_153151.log,10,10,10,0,10,10,-0.024798,-0.024798,2025-09-05 15:31:51,IV,0.350000,0.200000,0.350000,0.100000,2025-05-19,-1.493143,0.020907,1.000000,0.000000
2025-05-19,-0.031058,1.500000,2.000000,10.000000,5.000000,ATR/Price %,backtest_run_20250905_153151.log,10,10,10,0,10,10,-0.033700,-0.033700,2025-09-05 15:31:51,SW,0.350000,0.200000,0.350000,0.100000,2025-05-19,-1.493143,0.020907,1.000000,0.000000
2025-05-16,0.000368,1.500000,2.000000,10.000000,5.000000,ATR/Price %,backtest_run_20250905_153151.log,10,10,9,1,10,9,0.000331,0.000368,2025-09-05 15:31:51,EW,0.350000,0.200000,0.350000,0.100000,2025-05-16,0.014181,0.014729,0.900000,0.444444
2025-05-16,0.000368,1.500000,2.000000,10.000000,5.000000,ATR/Price %,backtest_run_20250905_153151.log,10,10,9,1,10,9,0.000874,0.000981,2025-09-05 15:31:51,IV,0.350000,0.200000,0.350000,0.100000,2025-05-16,0.014181,0.014729,0.890509,0.444444
2025-05-16,0.000368,1.500000,2.000000,10.000000,5.000000,ATR/Price %,backtest_run_20250905_153151.log,10,10,9,1,10,9,-0.002299,-0.002699,2025-09-05 15:31:51,SW,0.350000,0.200000,0.350000,0.100000,2025-05-16,0.014181,0.014729,0.851780,0.444444
2025-05-15,0.011044,1.500000,2.000000,10.000000,5.000000,ATR/Price %,backtest_run_20250905_153151.log,10,10,10,0,10,10,0.011044,0.011044,2025-09-05 15:31:51,EW,0.350000,0.200000,0.350000,0.100000,2025-05-15,0.406393,0.026786,1.000000,0.600000
2025-05-15,0.011044,1.500000,2.000000,10.000000,5.000000,ATR/Price %,backtest_run_20250905_153151.log,10,10,10,0,10,10,0.008134,0.008134,2025-09-05 15:31:51,IV,0.350000,0.200000,0.350000,0.100000,2025-05-15,0.406393,0.026786,1.000000,0.600000
2025-05-15,0.011044,1.500000,2.000000,10.000000,5.000000,ATR/Price %,backtest_run_20250905_153151.log,10,10,10,0,10,10,0.027033,0.027033,2025-09-05 15:31:51,SW,0.350000,0.200000,0.350000,0.100000,2025-05-15,0.406393,0.026786,1.000000,0.600000
2025-05-14,0.019426,1.500000,2.000000,10.000000,5.000000,ATR/Price %,backtest_run_20250905_153151.log,10,10,10,0,10,10,0.019426,0.019426,2025-09-05 15:31:51,EW,0.350000,0.200000,0.350000,0.100000,2025-05-14,1.124138,0.017139,1.000000,0.900000
2025-05-14,0.019426,1.500000,2.000000,10.000000,5.000000,ATR/Price %,backtest_run_20250905_153151.log,10,10,10,0,10,10,0.017704,0.017704,2025-09-05 15:31:51,IV,0.350000,0.200000,0.350000,0.100000,2025-05-14,1.124138,0.017139,1.000000,0.900000
2025-05-14,0.019426,1.500000,2.000000,10.000000,5.000000,ATR/Price %,backtest_run_20250905_153151.log,10,10,10,0,10,10,0.024457,0.024457,2025-09-05 15:31:51,SW,0.350000,0.200000,0.350000,0.100000,2025-05-14,1.124138,0.017139,1.000000,0.900000
2025-05-13,0.005974,1.500000,2.000000,10.000000,5.000000,ATR/Price %,backtest_run_20250905_153151.log,10,10,10,0,10,10,0.005974,0.005974,2025-09-05 15:31:51,EW,0.350000,0.200000,0.350000,0.100000,2025-05-13,0.141402,0.041124,1.000000,0.900000
2025-05-13,0.005974,1.500000,2.000000,10.000000,5.000000,ATR/Price %,backtest_run_20250905_153151.log,10,10,10,0,10,10,0.014062,0.014062,2025-09-05 15:31:51,IV,0.350000,0.200000,0.350000,0.100000,2025-05-13,0.141402,0.041124,1.000000,0.900000
2025-05-13,0.005974,1.500000,2.000000,10.000000,5.000000,ATR/Price %,backtest_run_20250905_153151.log,10,10,10,0,10,10,-0.020814,-0.020814,2025-09-05 15:31:51,SW,0.350000,0.200000,0.350000,0.100000,2025-05-13,0.141402,0.041124,1.000000,0.900000
2025-05-12,-0.016623,1.500000,2.000000,10.000000,5.000000,ATR/Price %,backtest_run_20250905_153151.log,10,10,10,0,10,10,-0.016623,-0.016623,2025-09-05 15:31:51,EW,0.350000,0.200000,0.350000,0.100000,2025-05-12,-1.314540,0.012766,1.000000,0.100000
2025-05-12,-0.016623,1.500000,2.000000,10.000000,5.000000,ATR/Price %,backtest_run_20250905_153151.log,10,10,10,0,10,10,-0.013609,-0.013609,2025-09-05 15:31:51,IV,0.350000,0.200000,0.350000,0.100000,2025-05-12,-1.314540,0.012766,1.000000,0.100000
2025-05-12,-0.016623,1.500000,2.000000,10.000000,5.000000,ATR/Price %,backtest_run_20250905_153151.log,10,10,10,0,10,10,-0.016594,-0.016594,2025-09-05 15:31:51,SW,0.350000,0.200000,0.350000,0.100000,2025-05-12,-1.314540,0.012766,1.000000,0.100000
2025-05-09,-0.028555,1.500000,2.000000,10.000000,5.000000,ATR/Price %,backtest_run_20250905_153151.log,10,10,9,1,10,9,-0.025699,-0.028555,2025-09-05 15:31:51,EW,0.350000,0.200000,0.350000,0.100000,2025-05-09,-0.482415,0.059521,0.900000,0.222222
2025-05-09,-0.028555,1.500000,2.000000,10.000000,5.000000,ATR/Price %,backtest_run_20250905_153151.log,10,10,9,1,10,9,-0.023555,-0.025014,2025-09-05 15:31:51,IV,0.350000,0.200000,0.350000,0.100000,2025-05-09,-0.482415,0.059521,0.941648,0.222222
2025-05-09,-0.028555,1.500000,2.000000,10.000000,5.000000,ATR/Price %,backtest_run_20250905_153151.log,10,10,9,1,10,9,-0.024487,-0.027316,2025-09-05 15:31:51,SW,0.350000,0.200000,0.350000,0.100000,2025-05-09,-0.482415,0.059521,0.896434,0.222222
2025-05-08,0.024557,1.500000,2.000000,10.000000,5.000000,ATR/Price %,backtest_run_20250905_153151.log,10,10,10,0,10,10,0.024557,0.024557,2025-09-05 15:31:51,EW,0.350000,0.200000,0.350000,0.100000,2025-05-08,0.826834,0.029509,1.000000,0.800000
2025-05-08,0.024557,1.500000,2.000000,10.000000,5.000000,ATR/Price %,backtest_run_20250905_153151.log,10,10,10,0,10,10,0.020411,0.020411,2025-09-05 15:31:51,IV,0.350000,0.200000,0.350000,0.100000,2025-05-08,0.826834,0.029509,1.000000,0.800000
2025-05-08,0.024557,1.500000,2.000000,10.000000,5.000000,ATR/Price %,backtest_run_20250905_153151.log,10,10,10,0,10,10,0.025037,0.025037,2025-09-05 15:31:51,SW,0.350000,0.200000,0.350000,0.100000,2025-05-08,0.826834,0.029509,1.000000,0.800000
2025-05-07,-0.004364,1.500000,2.000000,10.000000,5.000000,ATR/Price %,backtest_run_20250905_153151.log,10,10,10,0,10,10,-0.004364,-0.004364,2025-09-05 15:31:51,EW,0.350000,0.200000,0.350000,0.100000,2025-05-07,-0.330551,0.013682,1.000000,0.300000
2025-05-07,-0.004364,1.500000,2.000000,10.000000,5.000000,ATR/Price %,backtest_run_20250905_153151.log,10,10,10,0,10,10,-0.003131,-0.003131,2025-09-05 15:31:51,IV,0.350000,0.200000,0.350000,0.100000,2025-05-07,-0.330551,0.013682,1.000000,0.300000
2025-05-07,-0.004364,1.500000,2.000000,10.000000,5.000000,ATR/Price %,backtest_run_20250905_153151.log,10,10,10,0,10,10,-0.004695,-0.004695,2025-09-05 15:31:51,SW,0.350000,0.200000,0.350000,0.100000,2025-05-07,-0.330551,0.013682,1.000000,0.300000
2025-05-06,0.015913,1.500000,2.000000,10.000000,5.000000,ATR/Price %,backtest_run_20250905_153151.log,10,10,10,0,10,10,0.015913,0.015913,2025-09-05 15:31:51,EW,0.350000,0.200000,0.350000,0.100000,2025-05-06,0.622595,0.025305,1.000000,0.700000
2025-05-06,0.015913,1.500000,2.000000,10.000000,5.000000,ATR/Price %,backtest_run_20250905_153151.log,10,10,10,0,10,10,0.012765,0.012765,2025-09-05 15:31:51,IV,0.350000,0.200000,0.350000,0.100000,2025-05-06,0.622595,0.025305,1.000000,0.700000
2025-05-06,0.015913,1.500000,2.000000,10.000000,5.000000,ATR/Price %,backtest_run_20250905_153151.log,10,10,10,0,10,10,0.017104,0.017104,2025-09-05 15:31:51,SW,0.350000,0.200000,0.350000,0.100000,2025-05-06,0.622595,0.025305,1.000000,0.700000
2025-05-05,0.010539,1.500000,2.000000,10.000000,5.000000,ATR/Price %,backtest_run_20250905_153151.log,10,10,10,0,10,10,0.010539,0.010539,2025-09-05 15:31:51,EW,0.350000,0.200000,0.350000,0.100000,2025-05-05,0.612811,0.016938,1.000000,0.700000
2025-05-05,0.010539,1.500000,2.000000,10.000000,5.000000,ATR/Price %,backtest_run_20250905_153151.log,10,10,10,0,10,10,0.010586,0.010586,2025-09-05 15:31:51,IV,0.350000,0.200000,0.350000,0.100000,2025-05-05,0.612811,0.016938,1.000000,0.700000
2025-05-05,0.010539,1.500000,2.000000,10.000000,5.000000,ATR/Price %,backtest_run_20250905_153151.log,10,10,10,0,10,10,0.010516,0.010516,2025-09-05 15:31:51,SW,0.350000,0.200000,0.350000,0.100000,2025-05-05,0.612811,0.016938,1.000000,0.700000
2025-05-02,0.003835,1.500000,2.000000,10.000000,5.000000,ATR/Price %,backtest_run_20250905_153151.log,10,10,10,0,10,10,0.003835,0.003835,2025-09-05 15:31:51,EW,0.350000,0.200000,0.350000,0.100000,2025-05-02,0.163578,0.022473,1.000000,0.500000
2025-05-02,0.003835,1.500000,2.000000,10.000000,5.000000,ATR/Price %,backtest_run_20250905_153151.log,10,10,10,0,10,10,0.001662,0.001662,2025-09-05 15:31:51,IV,0.350000,0.200000,0.350000,0.100000,2025-05-02,0.163578,0.022473,1.000000,0.500000
2025-05-02,0.003835,1.500000,2.000000,10.000000,5.000000,ATR/Price %,backtest_run_20250905_153151.log,10,10,10,0,10,10,0.004468,0.004468,2025-09-05 15:31:51,SW,0.350000,0.200000,0.350000,0.100000,2025-05-02,0.163578,0.022473,1.000000,0.500000
2025-05-01,-0.003779,1.500000,2.000000,10.000000,5.000000,ATR/Price %,backtest_run_20250905_153151.log,10,10,10,0,10,10,-0.003779,-0.003779,2025-09-05 15:31:51,EW,0.350000,0.200000,0.350000,0.100000,2025-05-01,-0.190380,0.020685,1.000000,0.400000
2025-05-01,-0.003779,1.500000,2.000000,10.000000,5.000000,ATR/Price %,backtest_run_20250905_153151.log,10,10,10,0,10,10,-0.004899,-0.004899,2025-09-05 15:31:51,IV,0.350000,0.200000,0.350000,0.100000,2025-05-01,-0.190380,0.020685,1.000000,0.400000
2025-05-01,-0.003779,1.500000,2.000000,10.000000,5.000000,ATR/Price %,backtest_run_20250905_153151.log,10,10,10,0,10,10,-0.001602,-0.001602,2025-09-05 15:31:51,SW,0.350000,0.200000,0.350000,0.100000,2025-05-01,-0.190380,0.020685,1.000000,0.400000
2025-04-30,0.024158,1.500000,2.000000,10.000000,5.000000,ATR/Price %,backtest_run_20250905_153151.log,10,10,10,0,10,10,0.024158,0.024158,2025-09-05 15:31:51,EW,0.350000,0.200000,0.350000,0.100000,2025-04-30,1.705482,0.014072,1.000000,0.900000
2025-04-30,0.024158,1.500000,2.000000,10.000000,5.000000,ATR/Price %,backtest_run_20250905_153151.log,10,10,10,0,10,10,0.023013,0.023013,2025-09-05 15:31:51,IV,0.350000,0.200000,0.350000,0.100000,2025-04-30,1.705482,0.014072,1.000000,0.900000
2025-04-30,0.024158,1.500000,2.000000,10.000000,5.000000,ATR/Price %,backtest_run_20250905_153151.log,10,10,10,0,10,10,0.025297,0.025297,2025-09-05 15:31:51,SW,0.350000,0.200000,0.350000,0.100000,2025-04-30,1.705482,0.014072,1.000000,0.900000
2025-04-29,-0.002320,1.500000,2.000000,10.000000,5.000000,ATR/Price %,backtest_run_20250905_153151.log,10,10,10,0,10,10,-0.002320,-0.002320,2025-09-05 15:31:51,EW,0.350000,0.200000,0.350000,0.100000,2025-04-29,-0.172066,0.014404,1.000000,0.400000
2025-04-29,-0.002320,1.500000,2.000000,10.000000,5.000000,ATR/Price %,backtest_run_20250905_153151.log,10,10,10,0,10,10,-0.001207,-0.001207,2025-09-05 15:31:51,IV,0.350000,0.200000,0.350000,0.100000,2025-04-29,-0.172066,0.014404,1.000000,0.400000
2025-04-29,-0.002320,1.500000,2.000000,10.000000,5.000000,ATR/Price %,backtest_run_20250905_153151.log,10,10,10,0,10,10,-0.006396,-0.006396,2025-09-05 15:31:51,SW,0.350000,0.200000,0.350000,0.100000,2025-04-29,-0.172066,0.014404,1.000000,0.400000
2025-04-28,0.011447,1.500000,2.000000,10.000000,5.000000,ATR/Price %,backtest_run_20250905_153151.log,10,10,10,0,10,10,0.011447,0.011447,2025-09-05 15:31:51,EW,0.350000,0.200000,0.350000,0.100000,2025-04-28,0.543458,0.020772,1.000000,0.800000
2025-04-28,0.011447,1.500000,2.000000,10.000000,5.000000,ATR/Price %,backtest_run_20250905_153151.log,10,10,10,0,10,10,0.010450,0.010450,2025-09-05 15:31:51,IV,0.350000,0.200000,0.350000,0.100000,2025-04-28,0.543458,0.020772,1.000000,0.800000
2025-04-28,0.011447,1.500000,2.000000,10.000000,5.000000,ATR/Price %,backtest_run_20250905_153151.log,10,10,10,0,10,10,0.012758,0.012758,2025-09-05 15:31:51,SW,0.350000,0.200000,0.350000,0.100000,2025-04-28,0.543458,0.020772,1.000000,0.800000
2025-04-25,0.008532,1.500000,2.000000,10.000000,5.000000,ATR/Price %,backtest_run_20250905_153151.log,10,10,10,0,10,10,0.008532,0.008532,2025-09-05 15:31:51,EW,0.350000,0.200000,0.350000,0.100000,2025-04-25,0.412928,0.020277,1.000000,0.700000
2025-04-25,0.008532,1.500000,2.000000,10.000000,5.000000,ATR/Price %,backtest_run_20250905_153151.log,10,10,10,0,10,10,0.007521,0.007521,2025-09-05 15:31:51,IV,0.350000,0.200000,0.350000,0.100000,2025-04-25,0.412928,0.020277,1.000000,0.700000
2025-04-25,0.008532,1.500000,2.000000,10.000000,5.000000,ATR/Price %,backtest_run_20250905_153151.log,10,10,10,0,10,10,0.009558,0.009558,2025-09-05 15:31:51,SW,0.350000,0.200000,0.350000,0.100000,2025-04-25,0.412928,0.020277,1.000000,0.700000
