Date,Portfolio,VGT
2016-02-01,-0.0006038087850839,0.0024529281897476
2016-02-02,-0.0209442609668225,-0.0202587455347085
2016-02-03,0.0104548876953453,-0.0022971515539715
2016-02-04,0.0086638328306575,0.0024034055928014
2016-02-05,0.0031141569292085,-0.0374557831917555
2016-02-08,-0.0121172211779922,-0.0180553580873193
2016-02-09,-0.0099262220974862,-0.0046495411271257
2016-02-10,-0.0054374684486608,0.0045653598232044
2016-02-11,-0.0040508423726993,-0.0034881026852946
2016-02-12,0.007149013213625,0.0146359780006952
2016-02-16,0.0107539216399148,0.0208008945931423
2016-02-17,0.0196730206305666,0.0245747816385581
2016-02-18,-0.006175473346269,-0.0062956743119616
2016-02-19,0.0033040559494339,0.0040227008649524
2016-02-22,0.0270937868043423,0.0137227409028373
2016-02-23,-0.0070454814080291,-0.0169954151047009
2016-02-24,0.0013049927754531,0.0096500719513243
2016-02-25,0.0058969012413345,0.0117481305575806
2016-02-26,-0.0054340921098381,-0.0009837328129904
2016-02-29,-0.0012883699328316,-0.0057138599974735
2016-03-01,0.0155844852306131,0.0303156664788022
2016-03-02,0.0102763602243965,0.0025959270400106
2016-03-03,0.002440424201308,0.0003837028268911
2016-03-04,0.0157413322738252,0.0030673944066026
2016-03-07,-0.0089717934741096,-0.0054476444699598
2016-03-08,-0.0127632916229983,-0.0099943013100667
2016-03-09,0.007231811238492,0.0094163661764128
2016-03-10,-0.0005507906313657,-0.0022124943211943
2016-03-11,0.0426964519692468,0.0174444646335742
2016-03-14,0.0092227740897976,0.0003789778396601
2016-03-15,0.0045943743208808,0.0021775186251533
2016-03-16,0.0186092212832908,0.011148739617639
2016-03-17,-0.0050211933015122,0.0055134199488908
2016-03-18,0.0039681661187328,0.0033451220704716
2016-03-21,0.0013284951232993,0.0027613876785257
2016-03-22,-0.0026121412441975,0.0012047802440338
2016-03-23,-0.015888189247624,-0.0077781665288061
2016-03-24,0.0024674768167412,0.0014002833178765
2016-03-28,0.0018562890800151,-0.0023295244065769
2016-03-29,0.0178527923533392,0.0170006579517807
2016-03-30,-0.0037029921300858,0.0067995277743508
2016-03-31,-0.0020183881821862,-0.0007272654817885
2016-04-01,0.0021009953457557,0.007577041564061
2016-04-04,-0.0079132798065716,-0.0052640432205653
2016-04-05,-0.0004503387581696,-0.0103798828222141
2016-04-06,0.0017157289434761,0.0109511245131297
2016-04-07,0.0026959570687113,-0.0143840042952165
2016-04-08,0.010287322442799,0.0002774126578855
2016-04-11,0.0098033721410277,-0.0020311059745172
2016-04-12,0.006530751554814,0.0046262798565832
2016-04-13,-0.0011385521488516,0.0156597347260252
2016-04-14,-0.0067815960290497,-0.0014558635647859
2016-04-15,0.0035664321981416,-0.0049888915337618
2016-04-18,0.0033058073081132,0.0051135853908952
2016-04-19,0.0088001401436295,-0.0061784715472955
2016-04-20,-0.0126590923054606,0.0024647992735329
2016-04-21,0.0033399681980191,-0.0007266718429591
2016-04-22,-0.0039054271314386,-0.014961398615331
2016-04-25,-0.0004075437809732,-0.001944720584205
2016-04-26,0.0007319471005756,-0.0017630822731196
2016-04-27,0.0029342342245964,-0.0072505400094198
2016-04-28,0.0031579591664837,-0.0133892282917102
2016-04-29,0.0112324369143203,-0.0091115417698692
2016-05-02,0.0037203852273937,0.0058422528965484
2016-05-03,-0.0074999799207821,-0.0090452146353839
2016-05-04,-0.0056636068248196,-0.0044206605283175
2016-05-05,0.005983160038501,9.696336049702658e-05
2016-05-06,0.0108961102076814,0.0063694536012073
2016-05-09,-0.0088755913722256,0.0009592145331474
2016-05-10,0.0090860912551578,0.0131242519856382
2016-05-11,0.000192911083462,-0.006430134375042
2016-05-12,-0.0016881363151552,-0.005139360328919
2016-05-13,-0.0017994345164161,-0.0023912573375245
2016-05-16,0.0087609866658017,0.0129462546651755
2016-05-17,-0.005734970764537,-0.0103193285303279
2016-05-18,-0.0168980731068515,0.0056438277749863
2016-05-19,-0.0001178415739366,-0.0054220696933311
2016-05-20,0.0043188730678486,0.0127194228375204
2016-05-23,-0.0035302561605578,-0.0001876886554582
2016-05-24,-0.0005900474910373,0.0212519945663216
2016-05-25,0.0016106227774933,0.0069365819860964
2016-05-26,0.0004599321637312,0.0027553183059658
2016-05-27,-0.0026653472950879,0.005863594897812
2016-05-31,0.0021696159564042,0.0016408277727504
2016-06-01,0.001154702183735,-0.0005460466224534
2016-06-02,0.0038241838633985,0.0
2016-06-03,0.0173872283627208,-0.0034568735161767
2016-06-06,-0.0010931451508776,0.0037380010167362
2016-06-07,0.0033227830644399,0.0020060379756892
2016-06-08,0.0114296730343941,0.0032607187456639
2016-06-09,0.0020765972062318,-0.000810060556966
2016-06-10,-0.0071945504760101,-0.0120411290721241
2016-06-13,-0.0068063982314579,-0.0090736146650908
2016-06-14,0.0055300618616424,0.0010179720542433
2016-06-15,0.0014136919685994,-0.0017554266897495
2016-06-16,-2.92158635275957e-05,0.0018504818731608
2016-06-17,-0.0039457466860554,-0.0091455387505133
2016-06-20,0.0034863818216658,0.0073658394053572
2016-06-21,-0.0054453786639474,0.0051067640115132
2016-06-22,0.0010534483257772,-0.0044342776702446
2016-06-23,0.0069958821632585,0.0154981997040748
2016-06-24,-0.0187779430667668,-0.043405008652756
2016-06-27,-0.008827963361318,-0.0262679633776867
2016-06-28,0.0084618967292447,0.020501776194193
2016-06-29,0.0092813069964717,0.0166308485237833
2016-06-30,0.0210261159122402,0.0125744996392731
2016-07-01,0.0058125084002283,0.0006545600167502
2016-07-05,-0.0011538820543391,-0.0081187513394974
2016-07-06,0.0069433498556775,0.0054571446711684
2016-07-07,-0.0024073170051137,0.0031807399727248
2016-07-08,0.0113040585901609,0.0180919215813679
2016-07-11,0.0045836768205193,0.0061428614166476
2016-07-12,0.0001485774633825,0.0099212052133406
2016-07-13,-3.983859835207657e-05,-0.0007164167386355
2016-07-14,0.0043289274087475,0.0072184084146018
2016-07-15,0.0015579016494983,-0.0017063515279159
2016-07-18,0.0035242571425118,0.0070031157516383
2016-07-19,-0.0043549743500243,-0.001513094083414
2016-07-20,-0.0044444900063701,0.0135607709045695
2016-07-21,-0.0042383185227158,-0.0058941920644048
2016-07-22,0.0047856185701776,0.0056688358640637
2016-07-25,-0.001724902405173,-0.0002684229194828
2016-07-26,-0.0019574876627991,0.0045835930383084
2016-07-27,-0.0023890526842172,0.0076267384477344
2016-07-28,0.0065279211185404,0.0024345882040885
2016-07-29,0.005432135517068,0.000179551876317
2016-08-01,0.0007020971124125,0.004421852264782
2016-08-02,-0.0056246309533848,-0.0093315523112524
2016-08-03,-0.0035353954517709,0.0038361471409309
2016-08-04,0.0029413841806841,0.0057416901568323
2016-08-05,-0.0027558822128831,0.0117470021161532
2016-08-08,0.0001209135310377,0.00016732667745
2016-08-09,0.0047747212873998,0.001710164324485
2016-08-10,0.0014449179107794,-0.0027278800475059
2016-08-11,-0.0022838569876978,0.003758768910143
2016-08-12,0.000377024946586,-0.0007600615464471
2016-08-15,-0.0036917244581759,0.0057047975956365
2016-08-16,-0.0095298674584661,-0.0051651463304402
2016-08-17,0.0022799362823642,-0.001279448168442
2016-08-18,0.0038960312178249,0.0016245671688899
2016-08-19,-0.0041934741782285,0.0022058278342107
2016-08-22,0.0019856935913548,-0.0004161503319954
2016-08-23,-0.0010046218525612,0.0046720757893956
2016-08-24,-0.0026197660327099,-0.0054975413006242
2016-08-25,0.0024062229180084,0.0020370936229709
2016-08-26,-0.0067034440961964,0.0009333099235795
2016-08-29,0.0066190995300439,0.0027142303218301
2016-08-30,-0.0032244790011226,-0.0018598313261886
2016-08-31,-0.0002306294061267,-0.0009316483719213
2016-09-01,-0.000364141675437,0.0037300686000238
2016-09-02,0.0081543435017536,0.0042313246805809
2016-09-06,-0.0021048868424236,0.0042867742024126
2016-09-07,0.0058448061954001,0.0023440136445307
2016-09-08,-0.0001912335319113,-0.0084350943602248
2016-09-09,-0.0248494452897438,-0.0235291958410953
2016-09-12,0.0190403890763629,0.0158918116289341
2016-09-13,-0.0060020278078645,-0.0070584099613314
2016-09-14,0.0060303716694449,0.0050496110308846
2016-09-15,0.0173582666703053,0.0165280829092391
2016-09-16,-0.0042856840491577,-0.0036932336312237
2016-09-19,0.0089401926566923,-0.001089195002517
2016-09-20,-0.0028020654171691,-0.00022907198358
2016-09-21,0.0125197847267998,0.0113187487970964
2016-09-22,0.0148205720934708,0.0068511772062422
2016-09-23,-0.0126457709579353,-0.0089557343702183
2016-09-26,-0.0078081908547073,-0.0063665343711116
2016-09-27,0.0107067615406538,0.0113704915635339
2016-09-28,0.0007519586074901,0.0031721644826028
2016-09-29,-0.006753038837637,-0.0059008477401104
2016-09-30,0.0033829326570154,0.0056005654939916
2016-10-03,-0.0051658542657182,-0.002910853970657
2016-10-04,-0.0044186386635305,-0.0020787953832666
2016-10-05,0.0051019843615403,0.0051715861644219
2016-10-06,0.004504042290258,0.0014957380476112
2016-10-07,-0.0002475825561565,-0.0032299276640155
2016-10-10,0.0026038369110301,0.0064085784689815
2016-10-11,-0.0104174497386255,-0.0132288181956787
2016-10-12,-0.0009486899998866,0.0003362902639425
2016-10-13,-0.0114182022903532,-0.0064509680995085
2016-10-14,-0.0008278095401086,0.0037036698338377
2016-10-17,0.0087884096908362,-0.0025966689748168
2016-10-18,0.0137868114613829,0.0063121740004201
2016-10-19,0.0020032735773271,0.0010076069788129
2016-10-20,-0.0047137477503076,-0.0025119476209044
2016-10-21,-0.0027105784416713,0.005109276700971
2016-10-24,0.0061999442105922,0.0115052732502396
2016-10-25,0.001042413948818,-0.0037020477510507
2016-10-26,0.0114250734713347,-0.0050531341997558
2016-10-27,-0.0045488709980553,-0.0049885884910647
2016-10-28,0.0012225688363488,0.0005077062556664
2016-10-31,0.013487840055096,8.155424263289746e-05
2016-11-01,-0.0154924415972615,-0.0081003941466949
2016-11-02,-0.0138003369586159,-0.0077554786199085
2016-11-03,-0.0067255491102086,-0.0076319714238367
2016-11-04,0.0090222042927798,-0.0028202202369356
2016-11-07,0.0260182491481727,0.022979095535357
2016-11-08,0.006919357269332,0.0049472985385461
2016-11-09,-0.0118432938791774,-0.0014207759065364
2016-11-10,-0.0389708699543107,-0.013783916045892
2016-11-11,-0.0056327707842915,0.0061015391683896
2016-11-14,-0.0012398674264177,-0.013891806482843
2016-11-15,0.0288459347386274,0.0134021191464137
2016-11-16,-0.0043550901681071,0.0086825389571811
2016-11-17,-0.0008124159356277,0.0079372989625334
2016-11-18,0.0108110589984167,-0.0023282782427342
2016-11-21,0.0191796712203326,0.0098033915409705
2016-11-22,0.0036754956056288,0.0013206031944321
2016-11-23,-0.0095332134075686,-0.0035377568660999
2016-11-25,-0.0066040372256521,0.0026381448922832
2016-11-28,0.0046869253910304,-0.0006511113489598
2016-11-29,0.0014324660745565,0.0012316699838454
2016-11-30,0.0007926444176304,-0.0110179085584903
2016-12-01,-0.0109857299117966,-0.024255261616116
2016-12-02,-0.0029707222368114,0.0037412012489146
2016-12-05,0.0204994211559729,0.011200176699583
2016-12-06,0.010723798118966,0.0031854090065164
2016-12-07,0.0073731762300526,0.0176546368370438
2016-12-08,0.0075352102222052,0.0056698641372179
2016-12-09,-0.0066304933676243,0.0053099070987872
2016-12-12,-0.016403845933217,-0.0048762422072711
2016-12-13,0.001752629521971,0.0114306980700729
2016-12-14,-0.0060293542371071,-0.0029699327165685
2016-12-15,0.0078435439999293,0.0043846931154167
2016-12-16,-0.0053844144006107,-0.0070338745800672
2016-12-19,0.0022565712623914,0.0058678414096915
2016-12-20,0.0091988720428605,0.0033985599915913
2016-12-21,-0.0016586046815697,-0.0029069259912355
2016-12-22,0.0005019953308305,-0.0038084065101864
2016-12-23,0.005134006149855,0.0013885715290105
2016-12-27,0.0044656483451247,0.0050287860703503
2016-12-28,-0.0108866365080953,-0.0100159801601508
2016-12-29,0.0028920058859362,0.0005733439181441
2016-12-30,-0.0005709795532811,-0.0091329836470225
2017-01-03,-0.0016586690802713,0.0079004261603752
2017-01-04,0.0135546196150075,0.0060377624970209
2017-01-05,-0.0050225414201282,0.000737029595248
2017-01-06,0.0013353042922339,0.0091622462846872
2017-01-09,-0.0021316184168295,0.0017636837532579
2017-01-10,0.0113651269334721,-7.805521105264113e-05
2017-01-11,0.0138053691548647,0.0060974552014849
2017-01-12,-0.0045256474198551,-0.0030259403260428
2017-01-13,0.008316360583679,0.0039171264029884
2017-01-17,-0.0297275886316283,-0.0055728300846691
2017-01-18,0.0191464296123041,0.0038457540796175
2017-01-19,-0.0104719948639026,-0.0028818941119624
2017-01-20,-0.0012741528366023,0.0053650854086984
2017-01-23,-0.0028826776299339,0.0004820023755831
2017-01-24,0.0166568154725633,0.0106591648170133
2017-01-25,0.0239793679176957,0.0107169914110847
2017-01-26,0.0018565262372271,-0.002492925481741
2017-01-27,-0.0086382956111758,0.0028115501519756
2017-01-30,-0.0059976097675762,-0.0081079033113585
2017-01-31,0.0008215193284721,-0.0047873694932518
2017-02-01,0.0075771895620855,0.0071814816710165
2017-02-02,-0.0005033678114766,0.0004742226136442
2017-02-03,0.0194131984773991,0.0079817849404115
2017-02-06,-0.0041663095538686,0.0014023361072157
2017-02-07,0.0072005223490794,0.0035638217585993
2017-02-08,-0.0001843224341929,0.0017045596971898
2017-02-09,0.0172148979353336,0.004854733365031
2017-02-10,0.0014004263712234,0.0023824347320797
2017-02-13,0.0020200661338184,0.0055154365973235
2017-02-14,0.0063817963748737,0.0035826648437626
2017-02-15,0.0031619838796477,0.0044069493570122
2017-02-16,-0.0041128865831265,0.0013563199607811
2017-02-17,0.014101362587905,0.0029455922190673
2017-02-21,0.0060148773681546,0.005947102516332
2017-02-22,-0.0010478402461995,0.0012697334368529
2017-02-23,-0.0096739067026266,-0.0023181616251363
2017-02-24,0.0027719772145355,0.0020239965025341
2017-02-27,0.0,0.0002262297201216
2017-02-28,0.0,-0.0061310543151636
2017-03-01,0.0,0.0140608109755602
2017-03-02,0.0,-0.0074138193592856
2017-03-03,0.0,0.0017199334636068
2017-03-06,0.0,-0.0018620773044214
2017-03-07,0.0,0.0008156738596718
2017-03-08,0.0,0.001194270728263
2017-03-09,0.0,-0.0005964230735131
2017-03-10,0.0,0.0051532673650593
2017-03-13,0.0,0.00133185705804
2017-03-14,0.0,-0.0027402967853594
2017-03-15,0.0,0.0063874917645545
2017-03-16,0.0,0.002738369911462
2017-03-17,0.0,0.0001433121019107
2017-03-20,0.0,0.0013294273113726
2017-03-21,0.0,-0.0161068489883531
2017-03-22,0.0,0.0075469258801379
2017-03-23,0.0,-0.00244600739416
2017-03-24,0.0,0.000691385021063
2017-03-27,0.0,0.0007471439818755
2017-03-28,0.0,0.0069279985871057
2017-03-29,0.0,0.0023598820058996
2017-03-30,0.0,0.0010339945595978
2017-03-31,0.0,-0.0003654970760232
2017-04-03,0.0,-0.0029488911851205
2017-04-04,0.0,-0.000589928172259
2017-04-05,0.0,-0.0036294021457344
2017-04-06,0.0,0.0004483227924105
2017-04-07,0.0,-0.0006721828337307
2017-04-10,-0.0033529815248634,-0.0005204913438286
2017-04-11,-0.0034190812670977,-0.003493113918777
2017-04-12,-0.0070503074875457,-0.005145480419035
2017-04-13,-0.0052657030486205,-0.0037416862640514
2017-04-17,0.0087214658626343,0.009474521001314
2017-04-18,-0.0023730466417353,-0.0002249971875351
2017-04-19,0.0025027819895679,0.0001527110225207
2017-04-20,0.009876775119365,0.0101416781182446
2017-04-21,-0.0013471256210197,-0.0007398626878495
2017-04-24,0.0160224252668465,0.0132955432065346
2017-04-25,0.0099864121068227,0.0061912693673591
2017-04-26,-0.0026832883802856,-0.0023191529235382
2017-04-27,0.0103243722717707,0.0061753034821199
2017-04-28,0.0004700966539261,0.0015090699772861
2017-05-01,0.008677437084081,0.0089398058252427
2017-05-02,0.0043034375127457,0.0019938260675436
2017-05-03,-0.0044370542123996,-0.0017824216349108
2017-05-04,-0.0040675999444521,0.0014315620959302
2017-05-05,0.0060450844173766,0.0046343975283213
2017-05-08,-0.0022935578217732,0.0033354498649753
2017-05-09,0.0024048569496992,0.002119661769079
2017-05-10,0.0044002897142551,0.0038803630802473
2017-05-11,-0.0027278749202494,-0.0013339295594244
2017-05-12,0.0003313405296642,0.0027473152961714
2017-05-15,0.0072355732073148,0.0067359434483489
2017-05-16,0.0042659549615174,0.0055782343610215
2017-05-17,-0.0285259730330519,-0.0287756337891281
2017-05-18,0.0067791447066195,0.004857208836887
2017-05-19,0.0050110227502025,0.0056840379650837
2017-05-22,0.0050906728031342,0.0102450431510554
2017-05-23,0.0,0.0008369273456587
2017-05-24,0.0,0.0048892940281304
2017-05-25,0.0,0.0080666926560108
2017-05-26,0.0,0.0
2017-05-30,0.0,0.0024839362208473
2017-05-31,0.0,-0.0027522663541003
2017-06-01,0.0,0.0049022889746852
2017-06-02,0.0,0.0091349214574418
2017-06-05,0.0,0.0010856807511736
2017-06-06,0.0,-0.0016340827153616
2017-06-07,0.0,0.0021798965099637
2017-06-08,0.0,0.0040060933632142
2017-06-09,0.0,-0.0277411024954591
2017-06-12,0.0,-0.0075851927434238
2017-06-13,0.0,0.0086940086940088
2017-06-14,0.0,-0.0057635375679221
2017-06-15,0.0,-0.0046888192015439
2017-06-16,0.0,-0.001613220837057
2017-06-19,0.0,0.0161127589686014
2017-06-20,0.0,-0.0083093807159655
2017-06-21,0.0,0.0067754757889666
2017-06-22,0.0,0.0015254389375767
2017-06-23,0.0,0.0065777684864412
2017-06-26,0.0,-0.0053702426251883
2017-06-27,0.0,-0.0168092294154056
2017-06-28,0.0,0.0130234604328007
2017-06-29,0.0,-0.0176854652729943
2017-06-30,0.0,-0.0013491470646522
2017-07-03,0.0,-0.0080981857316226
2017-07-05,0.0,0.0103111822462986
2017-07-06,-0.007286765650027,-0.0089949427248353
2017-07-07,0.0051612451181204,0.0130807362717595
2017-07-10,0.0020504104587162,0.0072676513651501
2017-07-11,-0.0011235626911833,0.0038561476181511
2017-07-12,0.0053620425253951,0.0136772528453639
2017-07-13,0.0002484883133371,0.0024128487898749
2017-07-14,0.0041142559918588,0.0081736022918574
2017-07-17,-0.0041948816527032,0.000607867118783
2017-07-18,0.0035925057978673,0.0047721517134364
2017-07-19,0.0009188350291825,0.0060242719153833
2017-07-20,0.0023733303636193,0.0009485536367257
2017-07-21,0.0015501128849039,-0.0021557336728493
2017-07-24,0.0020034338434297,0.0039800490075252
2017-07-25,0.0004191306332949,-0.0012131102558363
2017-07-26,-0.0061476510103414,0.0018218755196321
2017-07-27,-0.0100136324579266,-0.0090639455585944
2017-07-28,0.000748810352659,-0.0014273750136547
2017-07-31,0.0016177179105387,-0.005017539509477
2017-08-01,0.0009886003467638,0.0053213712426061
2017-08-02,0.0015402147567611,0.0013561101511405
2017-08-03,-0.0050281403217689,-0.0027813576228855
2017-08-04,0.0005428316778093,0.0014310643175794
2017-08-07,0.0031656662551212,0.0061024956801329
2017-08-08,-0.0009019913772736,-0.0012826644636723
2017-08-09,-0.0003778766236509,-0.0009432798566214
2017-08-10,-0.0163833153439207,-0.0212801499052198
2017-08-11,0.0030411340821662,0.0078660106710597
2017-08-14,0.0126046009079342,0.0161614525427598
2017-08-15,-0.00339060640374,0.0019563516215981
2017-08-16,-0.000160089726078,0.0034350096180268
2017-08-17,-0.0015562356186192,-0.0198476473259008
2017-08-18,-0.0004578422834829,-0.000272052822364
2017-08-21,0.0029085750149406,-0.0011620552196873
2017-08-22,0.0090455664484249,0.014726672950047
2017-08-23,-0.0043443258304292,-0.0018213746662022
2017-08-24,-0.0064578449574894,-0.0001381245592734
2017-08-25,0.0008336361008282,-0.0006761767656939
2017-08-28,-0.0091097613508657,0.0025683000472918
2017-08-29,0.001784125333208,0.0040566626511269
2017-08-30,0.0044692807779007,0.0092731123109057
2017-08-31,0.0017690886414088,0.0073975938126611
2017-09-01,-0.0009774282621817,-0.0007250858373675
2017-09-05,-0.0157706886829819,-0.008472586806667
2017-09-06,0.0016661896388818,0.0015353709283971
2017-09-07,-0.0038429643998552,0.0046635242202388
2017-09-08,0.0127958119103394,-0.0079575029412813
2017-09-11,0.0123865146627832,0.0149789044699524
2017-09-12,0.0024886115012431,0.0017774567497326
2017-09-13,-0.0064281784832564,-0.0018449923655488
2017-09-14,-0.0045746418211248,-0.0026982429551779
2017-09-15,0.0031355278754764,0.002840465268211
2017-09-18,0.0045796365875804,0.0010550764045262
2017-09-19,0.018222564844927,0.0034165422894369
2017-09-20,0.002124584953421,-0.0049839976313675
2017-09-21,-0.007137860736311,-0.0055970017074397
2017-09-22,0.000340862596053,0.0007908404995831
2017-09-25,-0.0086818203383694,-0.0136401173220946
2017-09-26,0.0015243972537209,0.0032911830937121
2017-09-27,0.0098471730944096,0.0121359921731121
2017-09-28,-0.0025299655324359,0.0014641600625466
2017-09-29,0.006754632360294,0.0062881029943009
2017-10-02,0.0006757239427388,0.0028281859408829
2017-10-03,0.003352898037951,0.0025599909978339
2017-10-04,0.0031354229871622,-0.0005892586564902
2017-10-05,0.010499474007586,0.0094266782716119
2017-10-06,0.0024463528501611,0.0030526176718053
2017-10-09,-0.0077304955168211,0.0021975736568458
2017-10-10,-0.0045404845197982,0.0006433003382513
2017-10-11,0.0099223731101431,0.0040647034425549
2017-10-12,-0.0065498275664398,0.000771094954836
2017-10-13,0.0002297598076792,0.0045542102366535
2017-10-16,0.0047731968315198,0.0026845269890838
2017-10-17,-0.0048062435551045,-0.0005122460966846
2017-10-18,0.0042164220389566,0.0034440579749759
2017-10-19,-0.0032430584192056,-0.0033028472586367
2017-10-20,0.0039128445809707,0.0066890774675794
2017-10-23,0.0012940402116288,-0.0036039827063125
2017-10-24,0.0016030553574138,0.003235562579186
2017-10-25,-0.005384545643048,-0.0036732504532153
2017-10-26,-0.00026746823152,0.0041979010494752
2017-10-27,0.0093957551844851,0.0255096500990799
2017-10-30,0.005631210420074,0.0032756509942759
2017-10-31,0.0082826655688486,0.0043664665919134
2017-11-01,-0.0029473478729224,-0.0003677629505095
2017-11-02,-0.000197969573607,0.000735796499711
2017-11-03,-0.008152202445216,0.0079630796701852
2017-11-06,0.0020610009166488,0.0044939136777799
2017-11-07,-0.0074630678464154,-0.0004214457534477
2017-11-08,0.0234164982509566,0.0058119170245061
2017-11-09,-0.00888640715409,-0.0089061149733654
2017-11-10,0.0,0.000364391173925
2017-11-13,0.0,-0.000182129220682
2017-11-14,0.0,-0.0017630717784906
2017-11-15,0.0,-0.0075991605730001
2017-11-16,0.0,0.0137845434485659
2017-11-17,0.0,-0.0050721962026547
2017-11-20,0.0,0.0035224106049951
2017-11-21,0.0,0.0122819196906487
2017-11-22,0.0,-0.0026278345361551
2017-11-24,0.0,0.0057579107009744
2017-11-27,0.0,-0.0010734275564189
2017-11-28,0.0,0.0025009594473581
2017-11-29,0.0,-0.0259489188482177
2017-11-30,0.0,0.0083123722685112
2017-12-01,0.0,-0.0055153865642844
2017-12-04,0.0,-0.0194403072822764
2017-12-05,0.0,0.0022983451914622
2017-12-06,0.0,0.0063873767887645
2017-12-07,0.0,0.0072054103319376
2017-12-08,0.0,0.0037965968328907
2017-12-11,0.0,0.0079825455305584
2017-12-12,0.0,-0.0025404067243012
2017-12-13,0.0,0.0010330444274075
2017-12-14,0.0,-0.0009281314701472
2017-12-15,0.0,0.0114792438121222
2017-12-18,0.0,0.009434992324836
2017-12-19,0.0,-0.005300128526526
2017-12-20,0.0,-0.0010746291569918
2017-12-21,0.0,-0.0025165690135433
2017-12-22,0.0,-0.0012004724854273
2017-12-26,0.0006353426572968,-0.0069736799820034
2017-12-27,0.0027856971967525,0.0015728155339804
2017-12-28,0.0012124641711589,0.0009111882282235
2017-12-29,-0.0032328342130157,-0.005197438082694
2018-01-02,0.0024009108045565,0.0136618228311449
2018-01-03,0.0074481349772165,0.0104172002253752
2018-01-04,0.0032309843776319,0.0057537180551419
2018-01-05,0.0059467826538755,0.0106666498654857
2018-01-08,0.0028170603471563,0.0047814377976709
2018-01-09,0.0031345017855462,-0.0025561642645755
2018-01-10,-0.0031891949185822,-0.0032593753693233
2018-01-11,0.0084592191086986,0.0065400672728292
2018-01-12,0.0060701131017158,0.0057411758870613
2018-01-16,-0.0027916036495909,-0.0045001448676773
2018-01-17,0.011542697529508,0.0152891564026824
2018-01-18,-0.0022612734620156,0.0020005367293665
2018-01-19,0.0079015448678038,0.0021061089333105
2018-01-22,0.0073256428086959,0.0077264168134605
2018-01-23,0.0034793639506268,0.0060879314293982
2018-01-24,0.0002948867685688,-0.0089088861196319
2018-01-25,0.0013481981382058,-0.002599365271271
2018-01-26,0.0096334355017517,0.0158126003818297
2018-01-29,-0.0060766987140668,-0.0082575594854539
2018-01-30,-0.0095535152276716,-0.0100168451449885
2018-01-31,-0.0003044006378968,0.0070493148187535
2018-02-01,-0.0019552465184018,-0.0007362037232598
2018-02-02,-0.0233237371566526,-0.0281292083602566
2018-02-05,-0.0399292041106503,-0.0391151707210987
2018-02-06,0.0229582957136264,0.0252845318158305
2018-02-07,-0.0038176592937722,-0.0112078208766951
2018-02-08,-0.0306098236505179,-0.0411678031293654
2018-02-09,0.0079772950058783,0.0241419913650304
2018-02-12,0.0172646650291141,0.017863174578429
2018-02-13,0.0048191984161971,0.0031078890604856
2018-02-14,0.008904233394096,0.020409072112479
2018-02-15,0.0132444529355753,0.0193025880181803
2018-02-16,0.0063872928384225,-0.0025200472203023
2018-02-20,-0.009067791690183,0.0024650931768428
2018-02-21,0.004352141897836,-0.0049731158130402
2018-02-22,0.0027052566710591,0.0003442637059989
2018-02-23,0.0062035056566856,0.0203475866815794
2018-02-26,0.0155360730666155,0.0149307667752796
2018-02-27,-0.0108622060906873,-0.0091625522218002
2018-02-28,-0.0168833879021543,-0.0065521537060992
2018-03-01,-0.0183741561770354,-0.0157348348746637
2018-03-02,0.0051684227059067,0.0111720893767148
2018-03-05,0.0085697397905268,0.0102551366543903
2018-03-06,0.0070088722500998,0.0033636925069402
2018-03-07,0.0051670508684942,0.006316405923199
2018-03-08,0.0055798870599002,0.0038895717908062
2018-03-09,0.0171153043985946,0.0197510854519857
2018-03-12,-0.0059098316737024,0.0035268253351354
2018-03-13,-0.0003752730771931,-0.0121097565910023
2018-03-14,-0.0039014037521252,0.0002223444466546
2018-03-15,-0.0002963870088819,0.0002164451516286
2018-03-16,0.0043911091376017,-0.0011638720091705
2018-03-19,-0.0069881838732558,-0.0196449274513708
2018-03-20,0.006690622283325,0.0010093951393741
2018-03-21,-0.002353200452223,-0.0043676460058712
2018-03-22,-0.0247802529537654,-0.0268482117173267
2018-03-23,-0.0199466119668528,-0.0266651886885406
2018-03-26,0.0285707564656485,0.0379553823376819
2018-03-27,-0.0245863387399145,-0.0339402510164397
2018-03-28,-0.0136028065599723,-0.0098747515537749
2018-03-29,0.015147877427528,0.0213803211827683
2018-04-02,-0.0269975800284648,-0.024089845577913
2018-04-03,0.0102312629634232,0.0090465047885739
2018-04-04,0.0123691886872559,0.0132421798275348
2018-04-05,-0.0015012295303793,0.0042208868239546
2018-04-06,-0.0180848572586031,-0.0241603048681768
2018-04-09,0.0025822402105377,0.0068149622879896
2018-04-10,0.0206373995177741,0.0245908912296712
2018-04-11,0.0009892110069982,-0.0041135208026622
2018-04-12,0.0124678121271341,0.0124598595004874
2018-04-13,-0.0014690085836046,-0.0039692520996545
2018-04-16,0.0074182860177614,0.0069292172756165
2018-04-17,0.0262221102853069,0.0207547054397758
2018-04-18,0.0043641674089311,-0.0016839052219039
2018-04-19,-0.0076577480129653,-0.0117591975653238
2018-04-20,-0.0021706441390784,-0.0140068272653278
2018-04-23,-0.0079972322358352,-0.0041582474988911
2018-04-24,-0.0058202399791266,-0.018898504822057
2018-04-25,-0.0052929091635267,-0.0016015334367395
2018-04-26,0.0209042943555624,0.0203038953165259
2018-04-27,-0.0068939188558273,-0.0042337474235418
2018-04-30,-0.0119375370846265,-0.0039595959595959
2018-05-01,0.0028772076831857,0.0120508243987069
2018-05-02,-0.0017909130562316,0.000283654705893
2018-05-03,0.0057556026210157,0.0031254816139074
2018-05-04,0.0104696315283279,0.0188358058529269
2018-05-07,0.0090013883399135,0.0086496528678363
2018-05-08,0.0052966314432951,0.0038093301678616
2018-05-09,0.0061515218510484,0.0131241883020172
2018-05-10,0.0035851389460723,0.0119016117745984
2018-05-11,7.217245237033053e-05,-0.0028881076212338
2018-05-14,-0.0028334861029417,-0.0012530013753875
2018-05-15,-0.0051983722645027,-0.0087003203538479
2018-05-16,0.0017922451627539,0.0052448169906169
2018-05-17,-0.002196319813666,-0.0049422332570137
2018-05-18,-0.0002038231324642,-0.0038604358290815
2018-05-21,0.0060266769266421,0.0078098692644426
2018-05-22,-0.0026869682643689,-0.0023623201148919
2018-05-23,0.0046243989771442,0.0077089404907397
2018-05-24,0.0019420975153467,-0.0007113536710513
2018-05-25,-0.0027654198368143,0.0002217269024751
2018-05-29,-0.0044794249955104,-0.0056352817640881
2018-05-30,0.0068518229603395,0.0073685569127155
2018-05-31,-0.000609233798628,-0.001036631529905
2018-06-01,0.0063014858024804,0.0180840892661426
2018-06-04,0.0055316183229723,0.0083775209867495
2018-06-05,0.0025266437252615,0.0054799343543614
2018-06-06,0.0070282807225305,0.005771989472614
2018-06-07,-0.0083717788052914,-0.0113148851103974
2018-06-08,0.0031580413611657,0.0001590285626658
2018-06-11,0.010305684202063,-0.0001078950805522
2018-06-12,0.0067241495314111,0.0067072547393767
2018-06-13,0.0014666603232725,-0.0019575874849795
2018-06-14,0.0043262638766218,0.0053529438364836
2018-06-15,-0.0049356402971989,-0.0037951410949123
2018-06-18,0.0049483137384717,0.001478688820661
2018-06-19,-0.0030425525868038,-0.0069204152249134
2018-06-20,0.0013232487799334,0.0027692971206119
2018-06-21,-0.0081439464824185,-0.0088565187373377
2018-06-22,-0.0093382216592652,-0.0052985879948156
2018-06-25,-0.0117403230704425,-0.0231383421443864
2018-06-26,0.0043895463152123,0.0052884558884018
2018-06-27,-0.0140533432874236,-0.015337674331607
2018-06-28,0.0107932467547834,0.0114271806622423
2018-06-29,0.0030466243252774,0.0006045204040308
2018-07-02,0.0084810630334476,0.0104759335077366
2018-07-03,-0.0077442958240633,-0.0111335562366489
2018-07-05,0.0044250233410674,0.0131314791551708
2018-07-06,0.0103018554032798,0.0119241443644222
2018-07-09,0.0036525061364649,0.0086688157389964
2018-07-10,0.0019193564734737,0.0020265322457042
2018-07-11,0.0004718768601274,-0.0052741898934965
2018-07-12,0.0129669730571544,0.0169714503755928
2018-07-13,0.0025159155235956,-0.001265617212394
2018-07-16,0.0013746931694839,-0.0034764470710931
2018-07-17,0.0069272915740293,0.0081418837179203
2018-07-18,0.0007270346711024,-0.0005748730256179
2018-07-19,-0.0043168126707425,-0.0010498863553866
2018-07-20,-0.0008487488491392,-0.0006876156508029
2018-07-23,0.0014984812706011,0.0039439235606077
2018-07-24,-0.009612834521685,-0.0015156496397547
2018-07-25,0.0180407920443985,0.0144205280458062
2018-07-26,-0.0026006985189834,-0.0034603598994349
2018-07-27,-0.0155439394817292,-0.0194596564059532
2018-07-30,-0.024017729457165,-0.0179372702244692
2018-07-31,0.0020519882486426,0.003021217315531
2018-08-01,-0.0024318816971774,0.0114940557841791
2018-08-02,0.0033743943611463,0.014443044340598
2018-08-03,-0.0027943738456618,0.0025678588735957
2018-08-06,0.0051301467065093,0.0059003933595573
2018-08-07,0.0076545916916791,0.0039933719966858
2018-08-08,-0.0001761667880491,0.0019144757472233
2018-08-09,0.0016677774357956,0.0009279544917937
2018-08-10,-0.0034794179435923,-0.0065445169784408
2018-08-13,-0.0058946559681598,-0.0018719249904747
2018-08-14,0.0091877462007552,0.0065501941822767
2018-08-15,-0.0077564577021222,-0.0088324850776621
2018-08-16,0.0028464985251231,0.0061496658995756
2018-08-17,0.0030411105989475,0.0035217477568836
2018-08-20,0.0042009777713779,-0.0009281481522163
2018-08-21,0.0035240349586828,0.0021713556955484
2018-08-22,0.0018949941356442,0.0051012292316889
2018-08-23,-0.0018140063104021,0.0031816370969062
2018-08-24,0.0034583967095351,0.0114512952747767
2018-08-27,0.0059684023753828,0.0076858121735949
2018-08-28,0.0021136503854906,0.0047663272059608
2018-08-29,0.0021793098031125,0.0095830522340092
2018-08-30,-0.0026021904051624,-0.002420377473652
2018-08-31,0.0012677057885713,0.0053008286170903
2018-09-04,-0.0023469495345228,0.0014323340223927
2018-09-05,-0.006151181332108,-0.0155602474970005
2018-09-06,-0.001549857459362,-0.0053538831618777
2018-09-07,-0.0019977188159662,-0.0030658926134995
2018-09-10,0.0020793311568278,0.0036817981773489
2018-09-11,0.0016559460947282,0.006331279945243
2018-09-12,0.0002648445220507,-0.0019448223091311
2018-09-13,0.0023097038731646,0.0115585701660048
2018-09-14,-0.0013759326953054,0.0009368568977403
2018-09-17,-0.0106828534635764,-0.0151176547916392
2018-09-18,0.0066921956772673,0.0065723438334222
2018-09-19,-0.0240146953124004,-0.0049381799279695
2018-09-20,1.2173132643727958e-05,0.010820895522388
2018-09-21,-0.0123304212443093,-0.0015820281601011
2018-09-24,-0.0010795085194223,0.0036761210584692
2018-09-25,0.004391101258051,0.0003473208929305
2018-09-26,-0.0050801366024178,-0.0047082465332576
2018-09-27,-0.0020938207638035,0.0049789372981601
2018-09-28,0.0057839254495471,0.0044651544396467
2018-10-01,-0.0022541596958835,0.0018273399375876
2018-10-02,-0.009937931289268,-0.0012804632663833
2018-10-03,0.0021857780440952,0.0043905553346033
2018-10-04,-0.0097283883031005,-0.0175896546154608
2018-10-05,-0.002123750594513,-0.0131473575349367
2018-10-08,-0.0071570401006077,-0.0131236698983211
2018-10-09,-3.098486741202425e-05,0.0026193406449788
2018-10-10,-0.020469578770453,-0.0464492301007523
2018-10-11,-0.0156917477390794,-0.0139664963574329
2018-10-12,0.0168491963808588,0.0308299299293517
2018-10-15,-0.0011512965146734,-0.0143178965300816
2018-10-16,0.020443925157871,0.0310870813505936
2018-10-17,-0.0066248605707337,-0.0035343872166562
2018-10-18,-0.0070261180009918,-0.0201914563966356
2018-10-19,-0.0095381989874116,-0.0028745531453483
2018-10-22,0.0062542747785024,0.0081161291784188
2018-10-23,-0.0077845533809457,-0.003758532543049
2018-10-24,-0.0258887828753664,-0.0448777956983182
2018-10-25,0.0146360747171582,0.0321194086250058
2018-10-26,-0.0151140061238536,-0.02006201089195
2018-10-29,0.0017746082088976,-0.0165147897560433
2018-10-30,0.0185662145216651,0.0128211216107128
2018-10-31,-0.001157198973178,0.0244209761357776
2018-11-01,0.0037852498684054,0.0137014513813007
2018-11-02,-0.004578485182824,-0.0182003905324107
2018-11-05,0.0039456635486445,-0.0023854824710148
2018-11-06,0.0112224495578479,0.0060845615773765
2018-11-07,0.0221617522983208,0.0286753336005953
2018-11-08,0.0041098487312404,-0.0018372425772614
2018-11-09,-0.0087273537068426,-0.0172516691115363
2018-11-12,-0.0199154254785317,-0.034405257840789
2018-11-13,-0.0021844996047976,0.0004408341758164
2018-11-14,-0.0059918582486319,-0.0108573677933339
2018-11-15,0.0033524407327106,0.0250357866226338
2018-11-16,0.007889273596162,-0.0014196808325703
2018-11-19,-0.0232485446947163,-0.039395574743659
2018-11-20,-0.0119706468585177,-0.0203334541500542
2018-11-21,0.0023331139296338,0.0084292180004192
2018-11-23,0.0003656356916277,-0.0066894540207042
2018-11-26,0.0095016293236035,0.0217116967380128
2018-11-27,0.0098867857032865,0.0007953052887801
2018-11-28,0.0274505302752348,0.0349054218390665
2018-11-29,0.0045671079028601,-0.0078939408041697
2018-11-30,0.0100047991403575,0.009891701407823
2018-12-03,0.0016336051272496,0.0210759780298894
2018-12-04,-0.0262750150571379,-0.0384387936132465
2018-12-06,0.0146629598194668,0.003009982022897
2018-12-07,-0.0232254099005507,-0.0345728216587172
2018-12-10,0.0029991202958723,0.0132397755100794
2018-12-11,0.0041580943223296,0.0004580603554789
2018-12-12,0.0090857358334387,0.0089702577819545
2018-12-13,-0.0030899559670272,6.567869980056429e-05
2018-12-14,-0.0125504278723485,-0.0233323183655435
2018-12-17,-0.0247437245941779,-0.0231439312895436
2018-12-18,-0.0013572543040725,0.0083542450203066
2018-12-19,-0.0070324734013844,-0.0203184926831082
2018-12-20,-0.0109442539018146,-0.0170847586469022
2018-12-21,-0.0175908662298094,-0.0309223203985485
2018-12-24,-0.0339385337755066,-0.0257373723938416
2018-12-26,0.0308213176568229,0.0603911396293388
2018-12-27,0.0018254921141547,0.0082270087935008
2018-12-28,0.0043232837199796,-0.0020559315540799
2018-12-31,0.0060819385810052,0.0100513122368808
2019-01-02,-0.0034427429949939,0.0006017647543217
2019-01-03,-0.0067267910178884,-0.0494226532627686
2019-01-04,0.0386268769404557,0.0434811563896455
2019-01-07,0.0071892795173085,0.0111752166753891
2019-01-08,0.013571470865221,0.0096126536099521
2019-01-09,0.0040066906371219,0.0124843710927731
2019-01-10,0.0009997030385557,0.0046740801570788
2019-01-11,-0.0066666709900023,-0.0005838465036812
2019-01-14,-0.003544937703478,-0.0098881434518721
2019-01-15,0.008077487645992,0.0147505449938203
2019-01-16,0.0047722656727344,0.0010404808245505
2019-01-17,0.0054478216806026,0.0076365281616082
2019-01-18,0.0078425022627935,0.0148721215982523
2019-01-22,-0.0099281365654167,-0.0164657770124837
2019-01-23,0.0035849698899206,0.0023586339375811
2019-01-24,-0.001236303790882,0.010273515677118
2019-01-25,0.0054094701486031,0.0155116938001249
2019-01-28,-0.0016096743065313,-0.0124787193795518
2019-01-29,0.0024640548858824,-0.0100265178950895
2019-01-30,0.0021312209535106,0.0287274310384444
2019-01-31,0.0099985118448619,0.0020572140619397
2019-02-01,3.1013125501034786e-05,0.0067690033610388
2019-02-04,0.003076754006426,0.0157133951304206
2019-02-05,0.0013179568315561,0.0082542705381623
2019-02-06,-0.0081932048895179,0.0034988308784627
2019-02-07,-0.0054526661225093,-0.0135213279814954
2019-02-08,0.007743215585787,0.0064711527962162
2019-02-11,0.0007632413002842,0.0005424572743519
2019-02-12,0.0117351785260853,0.0135540793498607
2019-02-13,-0.0033788693322173,0.001542801479738
2019-02-14,0.0002030775665053,0.0023443692971951
2019-02-15,0.0023418548010446,0.0076392394413595
2019-02-19,0.0011621473245444,0.0007904170284773
2019-02-20,0.0037553088551587,0.0014238517414373
2019-02-21,-0.0007751542112426,-0.0002110524854207
2019-02-22,-0.0012288074940943,0.0133546652445393
2019-02-25,-0.0076427876241564,0.0046651609507937
2019-02-26,-0.0024052572542943,0.0016042167984415
2019-02-27,0.0015598057150135,0.0
2019-02-28,-0.0133434113835384,-0.0031978470372248
2019-03-01,-0.0001202208615294,0.0064107468820706
2019-03-04,-0.0017668517608639,-0.005750840361233
2019-03-05,-0.0014090599895269,-0.0033645023158261
2019-03-06,-0.0051254208819156,-0.0064777061686177
2019-03-07,-0.0054252543492284,-0.0086656737823377
2019-03-08,-0.0011302656988143,0.0001057205971544
2019-03-11,0.0081273614871564,0.0219541777476104
2019-03-12,0.000425860255408,0.0049432721412863
2019-03-13,-0.0007736306112891,0.006257042558724
2019-03-14,0.0015747821170101,0.0019865731344248
2019-03-15,0.0007663799504372,0.0112349287541102
2019-03-18,0.0031966891931474,0.0038202617330918
2019-03-19,-0.0008063439761343,0.0024030572816871
2019-03-20,4.683842273818324e-05,-0.0030467842433202
2019-03-21,0.0041716085855345,0.0249201548704205
2019-03-22,-0.0118049067071226,-0.0254098021787213
2019-03-25,0.0033707358566669,-0.0040723046168693
2019-03-26,0.0024387649701263,0.0058086602812221
2019-03-27,0.0027427620508629,-0.0062779889261779
2019-03-28,0.0049004949888732,0.0041975624307508
2019-03-29,0.0046212524615282,0.0101158522353541
2019-04-01,0.0093785730162398,0.0140056610808567
2019-04-02,0.0021372073522404,0.0028535915894141
2019-04-03,0.0026528421223624,0.0084279672176863
2019-04-04,0.0003915575016033,-0.0053463612480987
2019-04-05,0.0018560393949532,0.0047418253710824
2019-04-08,0.0036182007280483,0.0039866769151934
2019-04-09,-0.0013923934187254,-0.0045986280674533
2019-04-10,0.0013828745668681,0.0079783824803745
2019-04-11,-0.0031873605588451,-0.0004832564362127
2019-04-12,0.003220677894664,0.0064736777818492
2019-04-15,-0.0010385493865837,0.0
2019-04-16,-0.0003950173952878,0.004318365695793
2019-04-17,-0.0002879310546367,0.0035848429617246
2019-04-18,0.0021936201396455,0.0018111034185204
2019-04-22,1.1505513001616358e-05,0.0030898355927024
2019-04-23,0.0029386532924455,0.0115125009984824
2019-04-24,0.0006570778962151,0.0006564335422731
2019-04-25,-0.0015075803630079,-0.0012626823120897
2019-04-26,-0.0006891603737671,-0.0021087773536078
2019-04-29,-0.0001243154681117,0.0006532713055529
2019-04-30,-0.0004742329048579,0.0017854316689087
2019-05-01,-0.0011226850212044,-0.0038409700177237
2019-05-02,0.0006960482676592,-0.0046090942881923
2019-05-03,0.0027690603985761,0.0098284746944159
2019-05-06,-0.0009279214830732,-0.0067399997041697
2019-05-07,-0.0037809045411781,-0.021245755812799
2019-05-08,-0.0008123515441966,-0.0018308887671677
2019-05-09,-0.0008054258372442,-0.0067018611764587
2019-05-10,0.0012228383521684,0.0028134143596669
2019-05-13,-0.0059723171919819,-0.0387774048418196
2019-05-14,0.002969788138111,0.0167692634260241
2019-05-15,0.0022661214745894,0.0102557411273487
2019-05-16,0.0062271605592923,0.0103479451347092
2019-05-17,-0.0001026372606987,-0.0099505031497995
2019-05-20,-0.0006469095448666,-0.0175031762919503
2019-05-21,0.0028234230644099,0.0136727066281874
2019-05-22,-0.0022059920830018,-0.0060518373315908
2019-05-23,-0.004125174332053,-0.0181773596915484
2019-05-24,0.0025948032672718,0.0008077243959339
2019-05-28,-0.0018092885097707,-0.0031220962646347
2019-05-29,-0.0027501554661276,-0.0067271381167209
2019-05-30,0.0038023847567041,0.0059039917633685
2019-05-31,-0.0032690674526485,-0.0160887064530745
2019-06-03,0.0020027214072543,-0.0182047711671101
2019-06-04,0.011591409044571,0.0332106375581517
2019-06-05,0.0120476705036785,0.0129256242488984
2019-06-06,-0.0007317916565391,0.0110627751852143
2019-06-07,0.0081820728979627,0.0174713027333461
2019-06-10,0.0035213211048398,0.0109486245021606
2019-06-11,-0.0058359025384596,-0.0012067190930339
2019-06-12,0.0032329023336377,-0.0043352234366037
2019-06-13,0.0050659963795712,0.0029010334613051
2019-06-14,0.0037273640948557,-0.0089727817148433
2019-06-17,0.0024614569052217,0.001995475554142
2019-06-18,0.0052012395454294,0.016766497721804
2019-06-19,0.0032890346067745,0.0048236449233403
2019-06-20,0.0029035208643876,0.0137951423861137
2019-06-21,-0.003771418043396,-0.0052788706775539
2019-06-24,-0.0016430570052794,-0.000854666878677
2019-06-25,-0.0098962998336852,-0.0175157651833137
2019-06-26,-0.0027467972016365,0.0095872520930986
2019-06-27,0.0124849917770007,0.0046327864907143
2019-06-28,0.0062930627425474,0.0019463797336951
2019-07-01,0.0072873435132984,0.0146541676213627
2019-07-02,0.0043892349554343,0.0029454502611632
2019-07-03,0.0077808104317463,0.0071755814864125
2019-07-05,-0.0029349136478269,-0.0015308353987462
2019-07-08,-0.0036653443753696,-0.007412815458373
2019-07-09,0.0042077303603347,0.0037806719887021
2019-07-10,0.0095009032345578,0.0076745333483143
2019-07-11,0.0025158874997587,0.0033256736185849
2019-07-12,0.0029265542353063,0.0080015461925009
2019-07-15,-0.0023467762066475,0.0024638570387696
2019-07-16,-0.0007643718269556,-0.0084684167742551
2019-07-17,0.0020648204222735,-0.0024305672770413
2019-07-18,0.0075200532808365,0.007087089990573
2019-07-19,-0.0076593418485422,-0.0054387219723408
2019-07-22,0.0020088087693047,0.0108452226962951
2019-07-23,0.0021194392715096,0.0056819538281567
2019-07-24,0.0047719045878152,0.009353115727003
2019-07-25,-0.0061090360059967,-0.0070744843481737
2019-07-26,0.0132367357594708,0.0069448721167646
2019-07-29,0.0019352006252213,-0.0015666385957648
2019-07-30,-0.00661375371163,-0.0060549231001205
2019-07-31,-0.0100315794640736,-0.0145776741143173
2019-08-01,0.0014570537833978,-0.0050369472347303
2019-08-02,-0.0086373393703399,-0.0186445021444078
2019-08-05,-0.0244445343477449,-0.0410867112400904
2019-08-06,0.0100423944715334,0.0146232183411945
2019-08-07,0.0322207283067809,0.0068466789555776
2019-08-08,0.0204892423532121,0.0247560607584749
2019-08-09,0.0007624713963292,-0.0114016746669807
2019-08-12,-0.0125421732018197,-0.0132807729161599
2019-08-13,0.0103997475893363,0.0240460089361187
2019-08-14,-0.0224442349203341,-0.0307336271576185
2019-08-15,0.0062816671520156,-0.0019770059006023
2019-08-16,0.0104207823855198,0.0179857576773434
2019-08-19,0.0114030844929801,0.0147740483686675
2019-08-20,-0.0018095830170452,-0.0044448815026059
2019-08-21,0.010778112191126,0.0115668029791184
2019-08-22,-0.0031235458548629,-0.0023728383247566
2019-08-23,-0.0168189487605833,-0.0319137482136914
2019-08-26,0.0074630577775006,0.0126585478057337
2019-08-27,0.004197228448717,-0.0024711080048923
2019-08-28,0.0041694327200083,0.0004754278850966
2019-08-29,0.0084349319556734,0.0176174874321588
2019-08-30,-0.0026680000451757,-0.0006537650476561
2019-09-03,-0.0058862555053004,-0.012316530909377
2019-09-04,0.0127536158080937,0.0173057768924302
2019-09-05,0.0098073666220737,0.0202276343164851
2019-09-06,0.0014744566000635,-0.0014202977827041
2019-09-09,-0.0124010131683398,-0.0076833997241856
2019-09-10,-0.0150782700762914,-0.0049779189587045
2019-09-11,0.0022564933772109,0.0102830390687351
2019-09-12,0.0147904592522024,0.004677331560668
2019-09-13,-0.0058266502565507,-0.007072034060834
2019-09-16,-0.0065807087245053,-0.0009657496873385
2019-09-17,0.0165860455233418,0.0035863948997789
2019-09-18,-0.0062165795672644,0.0005538565270788
2019-09-19,0.0040159492902489,0.002243080625752
2019-09-20,-0.007863426022531,-0.0106043723825258
2019-09-23,0.0071796855049264,0.0022135062716011
2019-09-24,-0.0071266630139453,-0.0112949473031618
2019-09-25,0.0058156886260618,0.0119383536143278
2019-09-26,-0.0014395150264515,0.000943994500627
2019-09-27,-0.0173057952099864,-0.0145141320539359
2019-09-30,0.0074411290161724,0.0109293640160381
2019-10-01,-0.0053776197236392,-0.0090004369144134
2019-10-02,-0.0092135931213112,-0.0187228122428185
2019-10-03,0.0110533507160172,0.0129247082081132
2019-10-04,0.0102818510277977,0.0169095577689832
2019-10-07,-0.0011815197090188,-0.0031502321478767
2019-10-08,-0.0151064606290182,-0.0194181365589933
2019-10-09,0.0119136134689074,0.0142595071644602
2019-10-10,0.0066965120173067,0.0060273945816997
2019-10-11,0.0117629407272695,0.0146259214087531
2019-10-14,-0.0039653734080279,-4.310159044862427e-05
2019-10-15,0.0071530166642762,0.0103879310344827
2019-10-16,-0.0052920302194453,-0.0087406206599073
2019-10-17,0.003367115901812,-0.0009611476389719
2019-10-18,0.0047974764937022,-0.010568436369206
2019-10-21,0.0048519736596393,0.0100330888755586
2019-10-22,-0.0078157904655583,-0.0135494994971022
2019-10-23,-0.0070569398208924,0.0010244657969227
2019-10-24,0.0020343551092758,0.0152930562831032
2019-10-25,0.0034431362428287,0.0120530275886781
2019-10-28,-0.0025894757584134,0.0114610475435217
2019-10-29,0.0081550457370779,-0.0081203681233549
2019-10-30,-0.0026587306039042,0.0067470922573116
2019-10-31,0.0010275452681346,-0.0011637145394214
2019-11-01,0.0052740949032913,0.013012291726129
2019-11-04,0.0031503186674164,0.0045496115509324
2019-11-05,-0.0057322555726588,-0.0009701729298762
2019-11-06,0.0054122843080572,-0.0010079346085164
2019-11-07,-0.0017382299418701,0.0080992550343919
2019-11-08,0.0027398841465133,0.0053698329639193
2019-11-11,-0.0021964685711982,0.0012636938042638
2019-11-12,0.001286523550858,0.003164327092451
2019-11-13,0.0018635197962849,0.0022492249903829
2019-11-14,0.0010392223753463,-0.0012101398885587
2019-11-15,0.0015479530221338,0.0083410942430626
2019-11-18,0.0051165497425606,0.0023538484300951
2019-11-19,-0.0012153873043102,0.0032921221663595
2019-11-20,-0.0078538369702671,-0.0052385198395007
2019-11-21,-0.0019140635422451,-0.0054408963585433
2019-11-22,-0.0005103582928868,-0.0002568597320546
2019-11-25,0.0116837937196616,0.0146898410666473
2019-11-26,-0.0003073322277753,0.0005508344697995
2019-11-27,0.0025889274539079,0.0061934762050639
2019-11-29,-0.0043039095922937,-0.0042182922093968
2019-12-02,-0.00716314155067,-0.0142283627855863
2019-12-03,-0.0095991528877806,-0.0079428224664553
2019-12-04,0.0051853304389778,0.0033756536080979
2019-12-05,0.0050083973978144,0.002763690882078
2019-12-06,0.0094028763163759,0.0109702551169754
2019-12-09,-0.0019545526899364,-0.0051494269258011
2019-12-10,0.0040684199632953,-0.0004253699599257
2019-12-11,0.004327332154911,0.0065893209102312
2019-12-12,0.0019643871831856,0.0097414011775123
2019-12-13,-0.0044389366747558,0.0064830321727633
2019-12-16,0.0071209387983168,0.0089853790542582
2019-12-17,0.000498855919422,-0.0019138714451248
2019-12-18,-0.0008517040082718,0.0003348088111243
2019-12-19,0.0038140926231681,0.0065809205464686
2019-12-20,0.0043459115999379,0.0055878707794085
2019-12-23,-0.0015890754654816,0.0033710229444274
2019-12-24,0.0007972444777876,8.559738414404272e-05
2019-12-26,0.0030406950152613,0.007707384710192
2019-12-27,-0.0015860083398138,-0.0003652223397162
2019-12-30,0.000378047172465,-0.0059434038413336
2019-12-31,0.0025484725604116,0.0027437304477151
2020-01-02,0.0072524376432201,0.0183352512466437
2020-01-03,-0.0028908165010052,-0.0105050809435319
2020-01-06,-0.0003858050042733,0.0033245637038854
2020-01-07,3.693361416485546e-05,-0.0001222555731678
2020-01-08,0.0026331669404331,0.0105447784163015
2020-01-09,0.0028433297361015,0.0112358144192254
2020-01-10,-0.0004962747050002,-0.0021784604720822
2020-01-13,0.0032230048344717,0.0133928756021419
2020-01-14,-0.0010738875281685,-0.0053165445316707
2020-01-15,0.0004485639118887,0.0008245105237898
2020-01-16,0.0033274635078223,0.0137100277889352
2020-01-17,0.0018056216899235,0.0059273754988335
2020-01-21,5.9577362779809606e-05,-0.0014630636714055
2020-01-22,0.0010151979371811,0.0041259273273248
2020-01-23,0.0012715799359956,0.0049548213297843
2020-01-24,-0.0010324186867955,-0.0051577645697874
2020-01-27,-0.0058305668784541,-0.0238615540684129
2020-01-28,0.0047357664400084,0.0190103760176796
2020-01-29,0.0007218192702544,0.0010037327571612
2020-01-30,0.002331214621956,0.0079895941978793
2020-01-31,-0.0067073142608434,-0.0269149484433115
2020-02-03,0.0033362838520682,0.0125508067495998
2020-02-04,0.0065972716597751,0.0261487996042606
2020-02-05,0.0014751264586109,0.0047337558678026
2020-02-06,0.0023045292708281,0.0080267742671291
2020-02-07,-0.0021232922810482,-0.0093439712853324
2020-02-10,0.0035170534564473,0.0124527410207939
2020-02-11,-0.0007992278157928,-0.0018282104542518
2020-02-12,0.0025719651158946,0.010642526460181
2020-02-13,-0.0004029942466025,-0.0020320579310026
2020-02-14,0.0010786000083228,0.0040376174579623
2020-02-18,-0.0008435365757835,-0.0036519523899315
2020-02-19,0.0029593887931268,0.0111775429489555
2020-02-20,-0.0122422773107983,-0.0092587641230528
2020-02-21,-0.0293261792341351,-0.0221680764278169
2020-02-24,-0.0601379148023708,-0.0409175498359829
2020-02-25,-0.0453113631700116,-0.0317898164058967
2020-02-26,0.0028229163389563,0.0023182646133466
2020-02-27,-0.0776432222605957,-0.0517564928600778
2020-02-28,0.0095238673820203,0.0087782389021171
2020-03-02,0.0796850274008446,0.0524901024737174
2020-03-03,-0.0527574671738355,-0.0364880273660205
2020-03-04,0.0650182773815489,0.0408000174676301
2020-03-05,-0.0496051933241763,-0.0312791078216649
2020-03-06,-0.0282647685741739,-0.0212098768640394
2020-03-09,-0.1128784839641353,-0.0770888462117121
2020-03-10,0.0910206114101801,0.0632416752571141
2020-03-11,-0.0708426072348859,-0.0481116547541204
2020-03-12,-0.1486394937079721,-0.0983911770557971
2020-03-13,0.1637960100528116,0.1101425516375309
2020-03-16,-0.1913992375746967,-0.1348643263173339
2020-03-17,0.0560194200339547,0.0602620565144842
2020-03-18,-0.061873202195692,-0.0336068111455108
2020-03-19,0.0069217013528613,0.0015911408693609
2020-03-20,-0.062410709598543,-0.0402537516325932
2020-03-23,-0.0207336826281733,-0.0088705466745169
2020-03-24,0.1482884639508324,0.1039414471213928
2020-03-25,0.0105217720496216,0.000487349226333
2020-03-26,0.088546589559967,0.0617972396996142
2020-03-27,-0.0604918070378958,-0.0442227096564543
2020-03-30,0.0580687197400537,0.03958401039974
2020-03-31,-0.0223849939310714,-0.019617933648195
2020-04-01,-0.0714011083035846,-0.04728639197814
2020-04-02,0.0208073187398896,0.0195670532017877
2020-04-03,-0.0046002290356069,-0.0161309872527827
2020-04-06,0.0360935728072239,0.0851804322160052
2020-04-07,-0.0197145391183183,-0.0076015591001116
2020-04-08,0.0072035584431806,0.0287039376158857
2020-04-09,0.0232740203994143,0.0023630912940937
2020-04-13,0.0015373617236814,0.0022696910723942
2020-04-14,0.0276146199102699,0.0405958859883774
2020-04-15,0.0127200008563981,-0.0216601217966333
2020-04-16,0.0176211109637503,0.0103744308786553
2020-04-17,0.0011509631020578,0.0160878825243806
2020-04-20,0.0082862834845263,-0.0165965765423872
2020-04-21,-0.0120028184093092,-0.0410990253621237
2020-04-22,0.0233603044232509,0.0379048448007186
2020-04-23,0.0101634020485363,-0.0051173842276357
2020-04-24,0.0127658164777875,0.0196639142927064
2020-04-27,-0.0036721530665458,0.0113734849797997
2020-04-28,-0.0109806205737846,-0.0126825924168118
2020-04-29,0.023144549457876,0.0426848266346195
2020-04-30,-0.0164029681740787,-0.0062409288824383
2020-05-01,0.0013780908943318,-0.0287158824388525
2020-05-04,0.0096815430943583,0.0122947375869586
2020-05-05,0.0112974311440444,0.0154657416347376
2020-05-06,-0.0124854515401299,0.0072020754367925
2020-05-07,0.0309018447382991,0.0179960445437341
2020-05-08,-0.000212602757087,0.0148120174555219
2020-05-11,0.0021933151338962,0.0068844324994832
2020-05-12,0.000504069888834,-0.0214894359690367
2020-05-13,-0.0020572120919543,-0.017764665396463
2020-05-14,0.0071168413627873,0.0120402138013833
2020-05-15,0.0084428359126843,0.0058893809606235
2020-05-18,-0.0113171783592218,0.0241037177560836
2020-05-19,0.0135653565288714,-0.0030327247392472
2020-05-20,0.0064425187055958,0.0228927301502477
2020-05-21,-0.0101972746337318,-0.0123696922446289
2020-05-22,-0.0021870640342053,0.0048950992040885
2020-05-26,-0.0214249556561222,0.0007005211391364
2020-05-27,-0.004759246730386,0.0055638282375409
2020-05-28,0.0087052930171792,-0.0020120157581073
2020-05-29,0.0211456291727108,0.0124915828988696
2020-06-01,0.0101399102991933,0.0032177774237869
2020-06-02,-0.0120544419339663,0.0089356246005565
2020-06-03,-0.0124851053633757,0.0093089501266898
2020-06-04,0.0020222480287987,-0.009823412466378
2020-06-05,-0.0103382101810312,0.0241604661233809
2020-06-08,0.0024867236108442,0.0061388368883747
2020-06-09,0.0218430303877454,0.0022426493061922
2020-06-10,0.0281248291349303,0.0148895860573092
2020-06-11,-0.0357471915593781,-0.0569830639618085
2020-06-12,-0.0094798495787691,0.0122995546987645
2020-06-15,0.0246835879042397,0.0124530796288864
2020-06-16,-0.0095680621156901,0.0210478044761559
2020-06-17,0.0130221422350652,-0.0007688355186784
2020-06-18,-0.0053047823997106,0.0054583614250398
2020-06-19,0.0225516287658124,-0.0066334300629627
2020-06-22,0.0227313379365564,0.0185191541292453
2020-06-23,0.0125800404739811,0.0065712862871669
2020-06-24,-0.0231494251964743,-0.0225982605849138
2020-06-25,0.0173835241086063,0.0132863433440788
2020-06-26,-0.0084739715257583,-0.0184719165270693
2020-06-29,0.0047114943565142,0.0101827616292418
2020-06-30,0.0161970605254057,0.0181563346402258
2020-07-01,-0.003354148328174,0.0023662650961013
2020-07-02,0.0050358632173608,0.0054785571648094
2020-07-06,0.0160713904100533,0.0158071541954301
2020-07-07,-0.0029426146204941,-0.009183347142878
2020-07-08,0.0229173568136685,0.0173669056832144
2020-07-09,0.0110431709621044,0.00403417694138
2020-07-10,-0.0038495568849074,-0.0019389656695356
2020-07-13,-0.0166987043026217,-0.0228307052478963
2020-07-14,0.0052386938787765,0.0119655539315128
2020-07-15,-0.0003666888708554,0.006246748380102
2020-07-16,-0.0042820177884124,-0.0126220261768745
2020-07-17,0.0095785646650111,0.00593213201557
2020-07-20,0.0176258160040342,0.0262568754573022
2020-07-21,-0.0032809348138846,-0.0096445116025001
2020-07-22,0.0046920604680694,0.0075285724007265
2020-07-23,-0.0123547131849538,-0.0245783046870833
2020-07-24,-0.0100502545601739,-0.0129012977830906
2020-07-27,0.0199815684989642,0.016950278935651
2020-07-28,-0.008859251958359,-0.0119408078651767
2020-07-29,0.0068021519410493,0.0171153726029107
2020-07-30,-0.0068489504766238,0.0050178641744729
2020-07-31,0.0041420735286481,0.0235370237239396
2020-08-03,0.0101940971764043,0.0234031494514448
2020-08-04,0.0059625794985998,0.0032737155642184
2020-08-05,0.0136984222769906,0.0043883351689322
2020-08-06,0.0225315102394401,0.0120518033434473
2020-08-07,-0.0146345666068532,-0.0161581221314452
2020-08-10,-0.0098600834580226,-0.0031670463018066
2020-08-11,-0.0385785617230853,-0.0177039731009399
2020-08-12,0.0104960874496042,0.0219280475026195
2020-08-13,0.0116570736771787,0.0024403748743924
2020-08-14,-0.001434049545183,-0.0024651200851028
2020-08-17,0.019439365792539,0.0085689187849704
2020-08-18,0.0096462001321581,0.00297550461576
2020-08-19,-0.0085031100027493,-0.0015644323104266
2020-08-20,0.0046319375961578,0.012890409521779
2020-08-21,-0.0029833657031524,0.0104076177748078
2020-08-24,0.000911167435785,0.0081312104227633
2020-08-25,-0.0006420034059957,0.0047757434218724
2020-08-26,0.0118953929745775,0.0206835765351092
2020-08-27,-0.0005428778459385,-0.0006172721050576
2020-08-28,0.0103338951046737,0.0096616347652438
2020-08-31,0.0011282055420849,0.0030555449900473
2020-09-01,0.005626719110933,0.0238010971509465
2020-09-02,-0.0007824367281501,0.0071422398360434
2020-09-03,-0.0320460971286395,-0.0591384668190817
2020-09-04,-0.0057489192424626,-0.0158922493119004
2020-09-08,-0.0196643623490125,-0.0435712252503921
2020-09-09,0.019722920450789,0.031571625334819
2020-09-10,-0.010356993428399,-0.0210946542093696
2020-09-11,0.0038105277359294,-0.0080261277531984
2020-09-14,0.0191789081786923,0.0212744640790452
2020-09-15,0.012443279844011,0.0109196821520027
2020-09-16,0.0062430732152309,-0.0149745182220646
2020-09-17,-0.0026307924760888,-0.0089650299287281
2020-09-18,-0.0087462738163681,-0.0146781065859519
2020-09-21,-0.0205166578163722,0.0092121971159699
2020-09-22,0.0091084250136533,0.0165946782583514
2020-09-23,-0.0329204919205166,-0.0298941700264828
2020-09-24,0.0039133686892952,0.0030759443673515
2020-09-25,0.0300798947484979,0.0251941833843838
2020-09-28,0.0222747592862862,0.0185315481592516
2020-09-29,-0.0038411096821856,-0.0027398357433432
2020-09-30,0.0036078239890065,0.007438962360122
2020-10-01,0.0151883416379013,0.012456195711747
2020-10-02,-0.0216337455371769,-0.023021275897705
2020-10-05,0.0228843227788584,0.0227208618211611
2020-10-06,-0.0031372743988168,-0.0137742403645987
2020-10-07,0.0288395272651706,0.0189206915724182
2020-10-08,0.0019226748690067,0.0043915541004178
2020-10-09,0.0216825021690092,0.0168875615675403
2020-10-12,0.007157606581384,0.0252033898847323
2020-10-13,-0.0005875181038264,-0.0048555959495092
2020-10-14,-0.0026677300918063,-0.0056099266538934
2020-10-15,-0.0037808973203339,-0.0037778688783073
2020-10-16,-0.0015523433373976,-0.0031844311073968
2020-10-19,-0.0080504030805949,-0.0152839259969641
2020-10-20,0.0016328011590217,0.0012770362439653
2020-10-21,-0.0092454133403772,-0.0035814473298569
2020-10-22,0.0068929233373498,-0.0039660349670467
2020-10-23,0.0053723284908883,-0.000597111796203
2020-10-26,-0.0177148279251214,-0.0215932927660846
2020-10-27,0.0065445076656695,0.0044903025395266
2020-10-28,-0.034142224022866,-0.0399214984025452
2020-10-29,0.0134176301570732,0.0141713640712215
2020-10-30,-0.0280882287747067,-0.0225989467397796
2020-11-02,0.0123362135379269,0.0020795434030911
2020-11-03,0.0289914065171846,0.0181192684388673
2020-11-04,0.0226160721258393,0.0395340844514466
2020-11-05,0.0244428935680504,0.0318339983829312
2020-11-06,-0.0012032359473705,0.0046602964316531
2020-11-09,-0.0217355895026635,-0.0104393956139381
2020-11-10,0.0009137615750596,-0.0206650732818727
2020-11-11,0.0121855275073384,0.0244409471396498
2020-11-12,-0.0099561154880243,-0.0077797992391953
2020-11-13,0.0076425345981314,0.0078696491194327
2020-11-16,0.0110175087517744,0.0098405600277342
2020-11-17,-0.0049650069088864,-0.0028944243748956
2020-11-18,-0.0099798947555331,-0.0104110073660406
2020-11-19,0.0099099275910817,0.0109546365690793
2020-11-20,0.001670185858602,-0.0080290726310604
2020-11-23,0.0178774707160625,0.0006461243678008
2020-11-24,0.0006346766198088,0.0118708331212782
2020-11-25,0.0025599330352785,0.0046775390109268
2020-11-27,0.0122146647670119,0.0074091688464474
2020-11-30,-0.0012356576088065,0.0067272930565389
2020-12-01,0.0192629024238086,0.0082896790873023
2020-12-02,0.0013047813569208,-0.0012116576149315
2020-12-03,0.012065814842639,0.0006218810216005
2020-12-04,0.0207139182144121,0.0112144554115947
2020-12-07,0.0113440812181637,0.0024886843579223
2020-12-08,0.0046054487608669,0.004524080611989
2020-12-09,-0.015860381587215,-0.0205162124378035
2020-12-10,0.0047206981192255,0.0044200116025303
2020-12-11,-0.0011017070628598,-0.0017724482093688
2020-12-14,0.0025757041922763,0.0042920425775521
2020-12-15,0.0174918483562954,0.0166162175014403
2020-12-16,-8.900979259692811e-06,0.0072772740356936
2020-12-17,0.0128115286954705,0.0091090134581208
2020-12-18,-0.002498315028791,-0.0026844370499511
2020-12-21,0.0065967802296215,0.0026620839384643
2020-12-22,0.0059785710321295,0.0108029653579404
2020-12-23,-0.0049787937069321,-0.0091027687709948
2020-12-24,0.0023032049528282,0.0066475418527114
2020-12-28,0.005622085718835,0.0070249662795767
2020-12-29,-0.004533201755834,-0.0066127804475539
2020-12-30,0.0102316853694365,0.0013336999058222
2020-12-31,-0.0017077516167708,0.0008762654733875
2021-01-04,-0.0068513668624235,-0.0166198761461732
2021-01-05,0.0176994364413536,0.0082203895336934
2021-01-06,0.0138186642776424,-0.0165922463552689
2021-01-07,0.0323823632210739,0.0284675246932055
2021-01-08,0.0130450717212277,0.0072989514305421
2021-01-11,-0.0097123704123572,-0.008531747751496
2021-01-12,0.0153091277509767,-0.0014686769668323
2021-01-13,-0.0076369687264467,0.0050020136461002
2021-01-14,0.0085645102805859,-0.0062431760633725
2021-01-15,-0.0160157076342637,-0.010528130533624
2021-01-19,0.0121291559182759,0.012471096174802
2021-01-20,0.0101109170895299,0.0189268651231164
2021-01-21,-0.0010903778919203,0.0115905935563285
2021-01-22,0.0017266411814665,-0.0029344848663211
2021-01-25,0.0002028718659476,0.0067348380999414
2021-01-26,-0.0075572944638207,-0.0031940685611187
2021-01-27,-0.031491786957619,-0.0200770955945778
2021-01-28,0.0138512044339973,0.0053104292212138
2021-01-29,-0.0202565924134136,-0.0231907856962402
2021-02-01,0.023595891822124,0.0251080088170463
2021-02-02,0.0233722030939086,0.0159378198530359
2021-02-03,-0.0119248751853034,-0.0036884228112158
2021-02-04,0.0057446150071931,0.0167882281295583
2021-02-05,-0.0006178625475556,0.0001894298162532
2021-02-08,0.0416102395583365,0.0114639037433155
2021-02-09,0.0377812058948995,0.0003221755939597
2021-02-10,-0.0126330430869928,-0.0017865351952939
2021-02-11,0.0327127784561837,0.0108955833039179
2021-02-12,0.0190143258578305,0.0056277705790084
2021-02-16,0.0144092482166407,-0.003860155491295
2021-02-17,-0.0147716040585009,-0.0107103467995588
2021-02-18,-0.0132255719818181,-0.0045859690268166
2021-02-19,0.0203768159589033,0.0012056988628823
2021-02-22,-0.0324887674719685,-0.0243445692883895
2021-02-23,-0.0187249000553525,-0.0057015383395897
2021-02-24,0.0219391366505257,0.0137604491720384
2021-02-25,-0.0425362048706731,-0.0371316952061046
2021-02-26,0.0032243598664215,0.00714919086677
2021-03-01,0.039107863624272,0.0329870513514845
2021-03-02,-0.0210012628464621,-0.0176798616114861
2021-03-03,-0.015503805353521,-0.0274480479263408
2021-03-04,-0.0383239226507398,-0.0254963991618588
2021-03-05,0.002712904799014,0.0161865412297554
2021-03-08,-0.0286306602540631,-0.025803029270302
2021-03-09,0.0615656319448906,0.038274106116191
2021-03-10,0.0010209619959542,-0.0042570521159276
2021-03-11,0.0373755947546491,0.0247070142969372
2021-03-12,-0.0120217231425888,-0.0072876586458393
2021-03-15,0.0087195571610209,0.0123278240898756
2021-03-16,-0.0141533458117782,0.0053688168601992
2021-03-17,0.0043023112434992,0.0003040956281281
2021-03-18,-0.0209713125450678,-0.0320595505298748
2021-03-19,-0.0045776992532404,-0.0005958565952225
2021-03-22,0.0123275300591892,0.0182622920968154
2021-03-23,-0.0225378415217976,-0.0075425222309714
2021-03-24,0.0061914423574795,-0.0153420947088809
2021-03-25,0.0177352945485766,0.0002302195645307
2021-03-26,0.034846743204393,0.0238458474113638
2021-03-29,-0.0159672956213073,-0.0075223508931711
2021-03-30,0.0063008678776579,-0.0063393697220318
2021-03-31,0.0084234984227,0.0165588751888663
2021-04-01,0.0235603290323327,0.020865975350665
2021-04-05,0.0099833981823683,0.0177078375767747
2021-04-06,-0.0083415863226463,-0.0017986358039209
2021-04-07,-0.0012612901470546,0.0036037534478219
2021-04-08,0.0007900059428208,0.0152222851381771
2021-04-09,0.0038441628408749,0.008314605518765
2021-04-12,0.0001507399874367,-0.0032973378449117
2021-04-13,-0.0042147956093914,0.0107693973685636
2021-04-14,0.0026970367413335,-0.0108367839982
2021-04-15,0.0018671556387695,0.0169991768477599
2021-04-16,0.0074130511153015,-0.0015522245001197
2021-04-19,-0.0188705981975545,-0.0094424904068457
2021-04-20,-0.0094514717945795,-0.0101355171132754
2021-04-21,0.0162989371224483,0.0105302949951182
2021-04-22,-0.0137217237631665,-0.0092956162046218
2021-04-23,0.0191388607834084,0.0145740915301844
2021-04-26,0.0095292642501847,0.0081047648627519
2021-04-27,0.0030991084100455,-0.0035032177014748
2021-04-28,0.0031640061822765,-0.007913281733086
2021-04-29,0.0026970826295958,-0.0030761129752864
2021-04-30,-0.0155553285508905,-0.0143824209465395
2021-05-03,-0.0054880736821782,-0.0040055667808639
2021-05-04,0.0006669987476464,-0.0202703444640877
2021-05-05,0.0041902449260736,-0.0029896999652556
2021-05-06,0.0185168612811265,0.0061069345886319
2021-05-07,0.0128064230597933,0.0095950256705343
2021-05-10,-0.0060960140248257,-0.0258526476553053
2021-05-11,-0.0095391743009123,-0.0008804592020767
2021-05-12,-0.0240224844856138,-0.0294304094331953
2021-05-13,0.0047796148711282,0.0113670312161346
2021-05-14,0.0143460484844967,0.0231533099531722
2021-05-17,0.0038197040690216,-0.007523308670769
2021-05-18,-0.0061248348898027,-0.0065593593502242
2021-05-19,-0.0119436306923281,0.0035080265484692
2021-05-20,0.0084486325489626,0.0197931148910364
2021-05-21,-0.0017698574792251,-0.0047912254372555
2021-05-24,0.0101209308850677,0.0173940249790713
2021-05-25,-0.0005170575524969,0.0003213759322673
2021-05-26,0.0038035097498796,0.0019636407949836
2021-05-27,0.0040861844564545,-0.0042125863455813
2021-05-28,0.0026793793138609,0.0026953579329851
2021-06-01,0.0070864607362071,-0.0044875699019988
2021-06-02,0.0029709487376974,0.0056952327453636
2021-06-03,-0.0108143453783226,-0.0107065729841531
2021-06-04,0.007865210895569,0.0189029417930264
2021-06-07,0.0003385203137938,0.0013853151111817
2021-06-08,0.000607870503376,0.0017532181140302
2021-06-09,-0.0063902790120442,-0.0005305141338263
2021-06-10,0.0001097117616251,0.0089989028397572
2021-06-11,0.002927239547952,0.0061310598788431
2021-06-14,-0.0090044077423178,0.011036575669943
2021-06-15,0.0033682418961027,-0.0068802081389583
2021-06-16,-0.0026400582706799,-0.0041953762283486
2021-06-17,-0.0255363735335232,0.0128952262864228
2021-06-18,-0.0230769495001232,-0.0080048114025983
2021-06-21,0.0239048625006895,0.0089037090292567
2021-06-22,0.0004997629512536,0.0095962348937075
2021-06-23,-0.0007564895897499,-0.0006900293394154
2021-06-24,0.0146208136069137,0.0068523477197495
2021-06-25,0.0029638319601147,-0.000227729614273
2021-06-28,-0.0072729225124569,0.010661220856406
2021-06-29,-0.0100298040176576,0.0071473536139601
2021-06-30,-0.0006444443003366,-0.0032743790768977
2021-07-01,0.0052417077115842,0.0003277393981466
2021-07-02,0.0019205501941554,0.012057890256172
2021-07-06,-0.00734311820859,0.0049527917125495
2021-07-07,0.0031496605322373,0.0038453051006093
2021-07-08,-0.0148630908704615,-0.0097482584273921
2021-07-09,0.0250736055630083,0.0094487184394178
2021-07-12,0.0031024501840967,-9.858243513782838e-05
2021-07-13,-0.012860126997154,0.002161443389143
2021-07-14,-0.0079691837743569,0.0043387887716184
2021-07-15,-0.0030047824337537,-0.0091047460215399
2021-07-16,-0.0137378799203056,-0.0091377094639295
2021-07-19,-0.023008926623923,-0.0121049642632393
2021-07-20,0.0252537210636816,0.0162539942306993
2021-07-21,0.0198303032001422,0.0102023396074495
2021-07-22,-0.0070689305396428,0.0066412250323484
2021-07-23,0.0027960033626215,0.0098121755166675
2021-07-26,-0.0043634523314237,0.0002431689378976
2021-07-27,-0.0030354318730532,-0.0108977698394979
2021-07-28,0.0003303330291564,0.0010483626231136
2021-07-29,-0.0007629570639389,0.004943189647613
2021-07-30,-0.0054092940570922,-0.0013562432063184
2021-08-02,0.004345741683433,-0.0024765081235458
2021-08-03,0.0130090159241552,0.005570960928193
2021-08-04,0.0037958963062488,0.0024913015993111
2021-08-05,0.0033834591697068,0.0063207704090626
2021-08-06,-0.0002266304161023,-0.001559165649015
2021-08-09,-0.0017975612897638,-0.0024486487955663
2021-08-10,-0.0045891306228186,-0.0075348878683846
2021-08-11,-0.0024015625301308,-0.0008735150244584
2021-08-12,0.0066065532698589,0.0054130342467464
2021-08-13,0.000903139457765,0.0045391642670629
2021-08-16,-0.0003756406370136,0.0018524747479742
2021-08-17,-0.0089736510723907,-0.0085416702668407
2021-08-18,-0.0097629101075951,-0.0127759808571933
2021-08-19,0.0040162940957641,0.0075261928662586
2021-08-20,0.0077046944539304,0.0126493869315535
2021-08-23,0.0093909162048203,0.0140512559360621
2021-08-24,-0.0032765663171146,0.0014212475286627
2021-08-25,0.0071494179989536,7.059636891226795e-05
2021-08-26,-0.0018794987904664,-0.0058639533610018
2021-08-27,0.0068046035800287,0.0114444939594422
2021-08-30,0.0105721778741018,0.0099036506245764
2021-08-31,-0.0060752114492087,-0.0061030129131698
2021-09-01,0.0009953755520389,0.0006560144709073
2021-09-02,0.0057556257138854,0.0007736859991758
2021-09-03,0.0049323776429465,0.0048191552389347
2021-09-07,-0.0036147870192043,-0.0010474115512476
2021-09-08,0.0008437175982449,-0.0058063927904754
2021-09-09,-0.0039287200648318,-0.0032580207644523
2021-09-10,-0.0041281361827275,-0.0099997094515413
2021-09-13,-0.0163104668811629,7.092510797734874e-05
2021-09-14,0.0049867576767403,-0.0012594427638287
2021-09-15,0.0055043793017945,0.0085407300757107
2021-09-16,-0.003611664503792,0.0016752289479562
2021-09-17,-0.0109663983307761,-0.0134254703398662
2021-09-20,-0.0128632816750713,-0.0191703416168143
2021-09-21,0.0008727104481419,0.0005109810836805
2021-09-22,0.0099399737821691,0.0147933586356763
2021-09-23,0.0153070470121091,0.0129198583922336
2021-09-24,-0.0019123760260831,9.498711585020914e-05
2021-09-27,-0.0203393392244468,-0.0097973557124452
2021-09-28,-0.0307286415089568,-0.0312593765832592
2021-09-29,0.0010175956408172,-0.0022823746851896
2021-09-30,-0.0094892862875091,-0.0055523182582717
2021-10-01,0.007796351881302,0.0138815323164631
2021-10-04,-0.0220977766208721,-0.0242585152133094
2021-10-05,0.0126636099057208,0.0144327763695617
2021-10-06,0.002017299789751,0.0069020907700152
2021-10-07,0.0104854024521839,0.0107518985482659
2021-10-08,-0.0068097798948121,-0.0047074680636247
2021-10-11,-0.0058215060232562,-0.0055905999385814
2021-10-12,-0.0011316396657719,-0.0023642397349216
2021-10-13,0.0069954413078558,0.0084010159368108
2021-10-14,0.0178312558390367,0.021661676270035
2021-10-15,0.0058882675300475,0.0070264186445143
2021-10-18,0.0125956438736684,0.0093374289543448
2021-10-19,0.0109151140478063,0.0092025877734971
2021-10-20,0.0030804138144034,-0.0019399387286678
2021-10-21,0.0091602652817605,0.0043108010584556
2021-10-22,0.0094002382928189,-0.004246787962404
2021-10-25,0.005540820371479,0.0046858575143304
2021-10-26,0.0014031383597453,0.0013288097934478
2021-10-27,-0.0197916156710014,-0.003773115713664
2021-10-28,0.0131915771254822,0.0102149556935897
2021-10-29,-9.045013913992474e-05,0.0045592777381802
2021-11-01,-0.0028644429719876,0.0011967295698631
2021-11-02,0.0171034839499861,0.0068339927951337
2021-11-03,0.0005047049106244,0.0060321244058203
2021-11-04,0.0017212033163147,0.014284414945346
2021-11-05,0.0074593055856999,0.003382277875626
2021-11-08,-0.0039888588119824,0.0071633992919097
2021-11-09,0.0020772779349601,-0.0026597741580984
2021-11-10,-0.0217301619722688,-0.0186840412280822
2021-11-11,0.0125828760497339,0.0054120403950232
2021-11-12,-0.0073545388151616,0.0119797447280798
2021-11-15,-0.0051848416157333,-0.001336650969586
2021-11-16,0.0104532550942981,0.0104283923162105
2021-11-17,-0.0113924052047819,-0.0042116322565745
2021-11-18,0.0005145508409136,0.0071968783966309
2021-11-19,0.0001973999424906,0.005826987463285
2021-11-22,-0.008055025348221,-0.0149308673011312
2021-11-23,-0.0016860556815366,-0.0045708504607306
2021-11-24,0.0056391994695022,0.0083161272896246
2021-11-26,-0.0316817269516853,-0.0225292001044279
2021-11-29,0.0151559179995211,0.0226861539676381
2021-11-30,-0.0276995827146064,-0.0098651266410652
2021-12-01,-0.0151820676040847,-0.0182479156871065
2021-12-02,0.0182472338874264,0.0107607017117599
2021-12-03,-0.0038336720511298,-0.0185694969316645
2021-12-06,-0.0052469308252109,0.0085089646759033
2021-12-07,0.0318438487048016,0.0361586459423106
2021-12-08,-0.0076084475287152,0.0066733076708105
2021-12-09,-0.011200405308556,-0.0129738128233657
2021-12-10,0.0184297934245293,0.016215517358701
2021-12-13,-0.0127930718551814,-0.0146733538233528
2021-12-14,-0.0132135468511507,-0.0163688217665007
2021-12-15,0.0319164694151717,0.0264656639560778
2021-12-16,-0.0343380273372662,-0.0290028381364773
2021-12-17,-0.0002066304085645,-0.0034705213638086
2021-12-20,-0.0092360490951929,-0.0117393098779
2021-12-21,0.0261569433298951,0.0269624116952862
2021-12-22,0.013218687012653,0.0119484139223011
2021-12-23,0.0061320080651183,0.0054611746379347
2021-12-27,0.0284108330002361,0.0210524424964748
2021-12-28,-0.0075391862102117,-0.0069930069930069
2021-12-29,0.0041492584513263,8.636726016475471e-05
2021-12-30,-0.005520195468048,-0.0052280895218987
2021-12-31,0.0003762923521961,-0.0049750911543546
2022-01-03,0.0016302891721165,0.0083601228627101
2022-01-04,-0.0137787182942568,-0.0126414340861694
2022-01-05,-0.0299972431273783,-0.0331901258757599
2022-01-06,0.0008360774830166,-0.0037859860413553
2022-01-07,-0.0244678784950768,-0.0102183173837374
2022-01-10,-0.0038742172257259,0.0010559512753911
2022-01-11,0.0125234353002591,0.0132090132090132
2022-01-12,0.0034057910325643,0.0032650120840305
2022-01-13,-0.0068213902352354,-0.0282703109618391
2022-01-14,-0.0031117146378802,0.0080687452326468
2022-01-18,-0.0114853506247639,-0.0255140043272128
2022-01-19,-0.0120308940478696,-0.0139451366730161
2022-01-20,-0.0111363418417587,-0.0124345420899283
2022-01-21,-0.0156357983690696,-0.0216612885140101
2022-01-24,0.0043068614027019,0.006461685794479
2022-01-25,0.0018517945418738,-0.0245673260636857
2022-01-26,-0.0126668648383187,0.0034686639806356
2022-01-27,-0.0011291882406723,-0.008474926833304
2022-01-28,0.0129647530866348,0.0426090584339391
2022-01-31,0.0163732175856138,0.030306289092687
2022-02-01,0.0058366334320414,0.0041435156528768
2022-02-02,0.0101729760470021,0.0051876347673058
2022-02-03,-0.0152650396107056,-0.0311575626109249
2022-02-04,0.0025319894316532,0.007627846479971
2022-02-07,-0.0010425374436692,-0.0049022143721101
2022-02-08,0.006040666875987,0.0128976677748924
2022-02-09,0.01508263760299,0.0245601343243091
2022-02-10,-0.0138020615543831,-0.0244150874983302
2022-02-11,-0.0164198886871516,-0.0315595406053701
2022-02-14,-0.0158230421595783,-0.0001716885569575
2022-02-15,0.0092852578345621,0.028800650508336
2022-02-16,0.0012046099379841,-0.0017722009901743
2022-02-17,-0.0150374088933653,-0.0328906440182845
2022-02-18,-0.0022434903131528,-0.0125017480072717
2022-02-22,-0.005148531361762,-0.0098226515752288
2022-02-23,-0.0130804558882848,-0.0252929872871989
2022-02-24,0.0011388035973529,0.0361268360873532
2022-02-25,0.0240601617659804,0.0143928236711743
2022-02-28,-0.0055500232059894,0.0002233627258374
2022-03-01,-0.0170774080377982,-0.0192378941598614
2022-03-02,0.0170034999981449,0.0208261640167146
2022-03-03,-0.0038520563169653,-0.0155550598934439
2022-03-04,-0.0194869289485644,-0.0199435114071426
2022-03-07,-0.0276952811227212,-0.0374962892518344
2022-03-08,0.0095472526563394,-0.004926605855155
2022-03-09,0.025291749035388,0.04262795105507
2022-03-10,-0.0028339312395624,-0.0172737652388493
2022-03-11,-0.0086369625858662,-0.0207898315611381
2022-03-14,0.0063445778091848,-0.0216303700018043
2022-03-15,0.0161660185240412,0.0336155587224409
2022-03-16,0.0127047932795751,0.0366071911327385
2022-03-17,0.0110794148076613,0.0108647745024659
2022-03-18,0.0005007978216513,0.0229046431050006
2022-03-21,0.0036107229155321,-0.0025347743294197
2022-03-22,0.0047480625163568,0.0160109234348133
2022-03-23,-0.0125304824032874,-0.0152235373756881
2022-03-24,0.0104790116976917,0.0261464006368541
2022-03-25,0.0141123901873951,-0.0023347395952625
2022-03-28,-0.0044845040888905,0.0123527190052654
2022-03-29,0.0057939857033909,0.0221142802800313
2022-03-30,-0.0018602163753433,-0.0151539008411941
2022-03-31,-0.0056652012242373,-0.0140620230903021
2022-04-01,0.0064034433179394,-0.0029286821667334
2022-04-04,-0.0021746787055159,0.0196738924194894
2022-04-05,-0.0013210104652413,-0.0236417988356723
2022-04-06,0.0040446772839745,-0.0268478137112702
2022-04-07,0.0081353571836536,0.0031055189726607
2022-04-08,0.0048774001622672,-0.0146681474269254
2022-04-11,-0.0154233264673035,-0.0236897431080758
2022-04-12,0.000580684885207,-0.0027306201090666
2022-04-13,0.010327876624476,0.0174355450424854
2022-04-14,-0.0035532604346342,-0.02472711592313
2022-04-18,-0.0088032719003574,0.0011719488710668
2022-04-19,-0.0017418602853279,0.0201498870659222
2022-04-20,0.0075084627024655,-0.0041282334133944
2022-04-21,-0.0148822290297726,-0.0192445675798824
2022-04-22,-0.0115444457347428,-0.0276323342901008
2022-04-25,0.0010070945120859,0.0163135407055929
2022-04-26,-0.0194001424092477,-0.0380744467290073
2022-04-27,0.0083392839951042,0.0107604803033496
2022-04-28,0.0216210731844697,0.0404634075852563
2022-04-29,-0.0147203665780339,-0.0415766378129196
2022-05-02,0.006351726498631,0.0165277971297199
2022-05-03,0.0066017950909973,0.0006442221497282
2022-05-04,0.0180247082410036,0.0346724527144015
2022-05-05,-0.0219453900907415,-0.0510548836027029
2022-05-06,-0.0115153207602964,-0.0108513072351349
2022-05-09,-0.0395517882226614,-0.043060527332786
2022-05-10,0.0184794961054144,0.0145179167305358
2022-05-11,-0.014771036377216,-0.0342426945528401
2022-05-12,0.0024432451416499,-0.007353118155342
2022-05-13,0.0170762851080283,0.0378259762617749
2022-05-16,0.0003005462250071,-0.0119300725441864
2022-05-17,0.014389255933809,0.0283069338243771
2022-05-18,-0.0224085631420842,-0.0460960494849153
2022-05-19,0.0042690449516852,-0.0069786992982129
2022-05-20,-0.0004632777817739,0.0016325242526953
2022-05-23,0.0118883232890872,0.0211670185919554
2022-05-24,0.0070709071563102,-0.0193368854501656
2022-05-25,0.0226722285312603,0.0143393897591346
2022-05-26,0.0150412593479977,0.0253565485031226
2022-05-27,0.0248995436695619,0.0348487492728331
2022-05-31,-0.0168236417741583,-0.008131406679952
2022-06-01,-0.0054918243704606,-0.0038482464691347
2022-06-02,0.0050767254832704,0.0274940972320998
2022-06-03,-0.0059887585573218,-0.0254073284513906
2022-06-06,0.0013263991895912,0.0005851973478629
2022-06-07,0.0149963869548656,0.0132898382847279
2022-06-08,-0.0106155779706121,-0.010761967470335
2022-06-09,-0.0258165276907373,-0.0281223800783995
2022-06-10,-0.0210341381481529,-0.0392440293179069
2022-06-13,-0.0280146415797746,-0.0470471897569986
2022-06-14,-0.0026299462202851,0.0055704277133552
2022-06-15,0.0096071246264125,0.0221171286667996
2022-06-16,-0.0252841518855689,-0.0437013775333233
2022-06-17,-0.0036746656545024,0.0121508492964359
2022-06-21,0.0202445336461783,0.0252674083388528
2022-06-22,-0.0045275635001035,-0.0034484480423426
2022-06-23,-0.0136005692235613,0.0172799839663793
2022-06-24,0.0405212017532234,0.036860429679203
2022-06-27,0.0068130819663066,-0.0072382660226055
2022-06-28,-0.0072019384554978,-0.0309196340723063
2022-06-29,-0.0121212313779996,0.0007869301699769
2022-06-30,-0.0039536785543129,-0.0141597723088877
2022-07-01,0.0114942473806629,0.0030027493924122
2022-07-05,-0.0061696042351674,0.0152962418957984
2022-07-06,-0.0021604879830213,0.0069447004042118
2022-07-07,0.0175102091889731,0.0222491329426872
2022-07-08,-0.0022887043057271,0.0007012266991319
2022-07-11,-0.0117781506429927,-0.0159976383728628
2022-07-12,-0.008755059993889,-0.0137061852077443
2022-07-13,0.0013570935098619,-0.0023166212969391
2022-07-14,-0.0038040905634401,0.0067227149544222
2022-07-15,0.010713624150257,0.0183601863549736
2022-07-18,-0.0003225142849678,-0.0090296030399061
2022-07-19,0.0263529204633444,0.0300910278600421
2022-07-20,-0.0027322371375853,0.0186978041703695
2022-07-21,0.0034982361551509,0.0145386792997863
2022-07-22,-0.0092127361581283,-0.015611608909693
2022-07-25,0.0031301019711239,-0.0064269805917913
2022-07-26,-0.0116244663942499,-0.0188409003574879
2022-07-27,0.0071433142631185,0.043253539681221
2022-07-28,0.0276732136248772,0.0142571114915788
2022-07-29,-0.0049093237532176,0.0163055517389316
2022-08-01,-0.0008826336880194,-0.00178235414218
2022-08-02,-0.004652065592572,-0.0051686585810788
2022-08-03,-0.0020171812536007,0.028997627290054
2022-08-04,-0.0014963409361145,0.0031725631340064
2022-08-05,0.00138369611769,-0.0015556955143216
2022-08-08,0.0015372841274582,-0.0069414492128531
2022-08-09,-0.0047280618278644,-0.0122779157674713
2022-08-10,0.0145457291151605,0.0305115675723213
2022-08-11,0.0046904105118366,-0.0057952230080754
2022-08-12,0.0098059529048292,0.0207730336837532
2022-08-15,0.0028053900387945,0.0060467499704364
2022-08-16,0.0094047704065735,-0.0034792966178729
2022-08-17,-0.0072410255942829,-0.0084166876363026
2022-08-18,5.590613992112199e-05,0.0052287512589448
2022-08-19,-0.0140571304896139,-0.0192599488259689
2022-08-22,-0.0179507405358832,-0.0274328523892134
2022-08-23,-0.0069756975541269,-0.0023461882023401
2022-08-24,0.0031652766435385,0.0016221519074792
2022-08-25,0.0194642074648893,0.0181513690088619
2022-08-26,-0.0283031325663669,-0.0423406163709824
2022-08-29,-0.0026479002400557,-0.0129114955603469
2022-08-30,-0.0137686790532396,-0.0100732994498958
2022-08-31,-0.0057125830013637,-0.0097530181363278
2022-09-01,0.0025048441048275,-0.008761233006103
2022-09-02,-0.0064738273383006,-0.0117563760270232
2022-09-06,0.0001079684367499,-0.0072481939220251
2022-09-07,0.0245389817262157,0.0159283360196298
2022-09-08,0.0042117897650166,0.0060263608890362
2022-09-09,0.0094569467609273,0.0216043661826794
2022-09-12,0.0085245356605837,0.0158454963309411
2022-09-13,-0.0390454785901294,-0.052374337311825
2022-09-14,-0.0041819287102145,0.0043350007180125
2022-09-15,-0.0079237555416249,-0.0222516793017678
2022-09-16,-0.0018740463686054,-0.0074885371761086
2022-09-19,0.0188539722126554,0.0078427881649103
2022-09-20,-0.0126519061438322,-0.0062010404103164
2022-09-21,-0.0121342942216503,-0.0151518866305441
2022-09-22,-0.0175256700347145,-0.01316313575145
2022-09-23,-0.0113479780036276,-0.0141680488897016
2022-09-26,-0.0137987909409856,-0.0065157103147821
2022-09-27,-0.000696445471776,0.0035931382649909
2022-09-28,0.0290339683780936,0.0116006005620643
2022-09-29,-0.022324758504807,-0.0256783498877346
2022-09-30,-0.0047732365394204,-0.0181429366559577
2022-10-03,0.034919276257455,0.030352756312717
2022-10-04,0.0391587068944534,0.0350182909761298
2022-10-05,-0.000147556641815,0.00317383343747
2022-10-06,-0.001407670453721,-0.0075732692105083
2022-10-07,-0.0300649001468786,-0.0416117650732195
2022-10-10,-0.0080167825984226,-0.0180652433839506
2022-10-11,-0.0066243302706414,-0.0162807981473003
2022-10-12,-0.0043209950069652,-0.0035751506791099
2022-10-13,0.0235598652830529,0.0286327433478545
2022-10-14,-0.0304648571680616,-0.0284510842739147
2022-10-17,0.0247473655919472,0.0316111419707088
2022-10-18,0.0064578811614681,0.0102798307160423
2022-10-19,-0.0103080534394335,-0.0049104995645222
2022-10-20,-0.0113714976896383,0.000545400510129
2022-10-21,0.0318059216695177,0.0263314227520206
2022-10-24,0.0115525105189423,0.0117959107085496
2022-10-25,0.0200492485162153,0.0219023071603696
2022-10-26,-0.0057427160997149,-0.0201040884875179
2022-10-27,0.0120250344629283,-0.0103493087904775
2022-10-28,0.0114602203860528,0.0402474030608199
2022-10-31,-0.0016685958129637,-0.0119098437633399
2022-11-01,0.0091359444489105,-0.0077208400965259
2022-11-02,-0.023303884656616,-0.0369920013932253
2022-11-03,-0.0116239365227607,-0.0284601548144584
2022-11-04,0.0264758657721656,0.0129833005371482
2022-11-07,0.0143156259838003,0.0148152280199767
2022-11-08,0.0137904416297306,0.0092961143858583
2022-11-09,-0.0236667676716822,-0.0266287354554308
2022-11-10,0.0603352747536666,0.0847244529871771
2022-11-11,0.0123368330203661,0.0203960263855764
2022-11-14,-0.0125834758796814,-0.009542189023955
2022-11-15,0.0210315862111078,0.0144376694377146
2022-11-16,-0.014081235712212,-0.0170496247366054
2022-11-17,-0.0141851976055896,-0.0005600132476251
2022-11-18,0.0068663825323079,0.001123666587337
2022-11-21,-0.0080618963667156,-0.0119011079615553
2022-11-22,0.0192874761321339,0.0179007025675539
2022-11-23,-0.003588392029624,0.0106867716794567
2022-11-25,0.0047981411925442,-0.006272626895627
2022-11-28,-0.0214024502555935,-0.0211380466967333
2022-11-29,0.0095323056601448,-0.0092573995289133
2022-11-30,0.0229361431961404,0.0488634967440717
2022-12-01,-0.0006206596863862,0.0035347382478005
2022-12-02,-0.0045284558327899,-0.0056117312322171
2022-12-05,-0.0258761831161846,-0.0190373057238109
2022-12-06,-0.0116003101484372,-0.0217282694867844
2022-12-07,0.0001435784106274,-0.0045596051400297
2022-12-08,0.0033846074792124,0.0174249103716923
2022-12-09,-0.0131356270060971,-0.0060751910575119
2022-12-12,0.0218598737415099,0.0219430022693372
2022-12-13,0.0079286583837705,0.0119324363692574
2022-12-14,-0.0033044324077288,-0.0074675095767432
2022-12-15,-0.0222060857526572,-0.0378789224130277
2022-12-16,-0.0103024337451518,-0.0130741875546039
2022-12-19,-0.007110129327993,-0.0144162734011183
2022-12-20,0.0025343058000876,0.0022106751256354
2022-12-21,0.0183435463681726,0.0158350479027555
2022-12-22,-0.0164224440289816,-0.0247895374483552
2022-12-23,0.0088132905624342,0.0003758799732425
2022-12-27,0.0009749650095305,-0.009772391481557
2022-12-28,-0.006228274559535557,-0.01572453445409494
2022-12-29,0.012536431067888713,0.027256778257304326
2022-12-30,-0.001491749752498667,-0.0005311164258091639
2023-01-03,-0.001070135692750919,-0.009581086026124397
2023-01-04,0.019910897829186126,0.004330868037037083
2023-01-05,0.0021169431865158566,-0.020710040242864713
2023-01-06,0.02775525868697056,0.028605681283646156
2023-01-09,-0.003390644217354458,0.012528383378058727
2023-01-10,0.006797554557857789,0.006479942288994289
2023-01-11,0.008636450549295932,0.0168652772237734
2023-01-12,0.010561659229100904,0.007808573494980209
2023-01-13,-0.0002399883271838048,0.004217651494879293
2023-01-17,-0.002127057537850623,0.0050054051107821795
2023-01-18,-0.02526799489991985,-0.01259731964229771
2023-01-19,-0.00453194079356254,-0.01227896190287292
2023-01-20,0.01354100122055741,0.02799274616841374
2023-01-23,0.028262818381205562,0.023744410251478554
2023-01-24,-0.002647219267034566,-0.0016761924891312008
2023-01-25,0.008508444280730512,-0.0021112555207274397
2023-01-26,0.011620891060585009,0.015918011338857507
2023-01-27,0.00036470138303581123,0.004594420563512669
2023-01-30,-0.01155322564677114,-0.019546701313700177
2023-01-31,0.019840423815222084,0.015183461923552688
2023-02-01,0.0075120015210963205,0.02454631950245978
2023-02-02,0.009287770898472525,0.029804812031778427
2023-02-03,-0.00835039218729403,-0.010604165234724072
2023-02-06,-0.007151759534364666,-0.013121477875220888
2023-02-07,0.011481785422181836,0.023961976201337
2023-02-08,-0.005693550756219771,-0.012660316342917421
2023-02-09,-0.007026554487222275,-0.004222229649187392
